year,oda_gni_ratio,indicator,oda,additional_oda,name_short
2024,0.004270250310921747,Full,1969.360306846771,40.429768362811274,Austria
2025,0.004725208592434789,Full,2238.085600448,309.15506196404044,Austria
2026,0.005180166873947832,Full,2506.6444253724817,577.713886888522,Austria
2027,0.005635125155460874,Full,2784.289111022832,855.3585725388723,Austria
2028,0.006090083436973916,Full,3070.6651262907603,1141.7345878068006,Austria
2029,0.006545041718486958,Full,3369.2558095123236,1440.3252710283639,Austria
2030,0.007,Full,3746.8347660606855,1817.9042275767258,Austria
2031,0.007,Full,3818.905089120444,1889.974550636484,Austria
2032,0.007,Full,3890.975412180203,1962.0448736962433,Austria
2033,0.007,Full,3963.045735239961,2034.115196756001,Austria
2034,0.007,Full,4035.11605829972,2106.18551981576,Austria
2024,0.004760607544799242,Full,2779.5225656341026,31.452810753687572,Belgium
2025,0.005133839620666035,Full,3057.6429878857143,309.57323300529924,Belgium
2026,0.0055070716965328285,Full,3340.8016397456126,592.7318848651976,Belgium
2027,0.005880303772399622,Full,3634.6936620170377,886.6239071366226,Belgium
2028,0.006253535848266415,Full,3941.6288706113796,1193.5591157309645,Belgium
2029,0.006626767924133207,Full,4258.394053581371,1510.3242987009558,Belgium
2030,0.007,Full,4663.165408628162,1915.0956537477473,Belgium
2031,0.007,Full,4747.087220939284,1999.0174660588686,Belgium
2032,0.007,Full,4831.009033250406,2082.939278369991,Belgium
2033,0.007,Full,4914.930845561528,2166.861090681113,Belgium
2034,0.007,Full,4998.8526578726505,2250.7829029922354,Belgium
2024,0.007419377688323991,Full,2795.2015555061175,-93.24464254410168,Denmark
2025,0.007419377688323991,Full,2850.7884799999997,-37.6577180502195,Denmark
2026,0.007419377688323991,Full,2907.681137619577,19.23493956935772,Denmark
2027,0.007419377688323991,Full,2967.48837810901,79.04218005879056,Denmark
2028,0.007419377688323991,Full,3030.396734771969,141.9505367217498,Denmark
2029,0.007419377688323991,Full,3095.007207830923,206.5610097807039,Denmark
2030,0.007419377688323991,Full,3217.3186494920283,328.87245144180906,Denmark
2031,0.007419377688323991,Full,3279.7606728958103,391.3144748455911,Denmark
2032,0.007419377688323991,Full,3342.2026962995924,453.7564982493732,Denmark
2033,0.007419377688323991,Full,3404.644719703374,516.1985216531548,Denmark
2034,0.007419377688323991,Full,3467.0867431071565,578.6405450569373,Denmark
2024,0.005275043954538425,Full,14796.264150909667,-156.89924038449863,France
2025,0.00556253662878202,Full,15911.057500571427,957.894109277262,France
2026,0.005850029303025616,Full,17054.217631647407,2101.0542403532418,France
2027,0.0061375219772692126,Full,18214.60249108755,3261.4390997933842,France
2028,0.006425014651512809,Full,19407.70033646414,4454.5369451699735,France
2029,0.006712507325756404,Full,20618.356495181066,5665.193103886901,France
2030,0.007,Full,22240.271873683218,7287.108482389052,France
2031,0.007,Full,22605.196690533383,7652.033299239218,France
2032,0.007,Full,22970.121507383545,8016.9581160893795,France
2033,0.007,Full,23335.046324233703,8381.882932939538,France
2034,0.007,Full,23699.97114108387,8746.807749789707,France
2024,0.007914738588092508,Full,32918.12699527955,-3144.1650709652895,Germany
2025,0.007914738588092508,Full,33923.828032,-2138.46403424484,Germany
2026,0.007914738588092508,Full,34664.83098288678,-1397.461083358059,Germany
2027,0.007914738588092508,Full,35363.61370422798,-698.6783620168571,Germany
2028,0.007914738588092508,Full,36074.53158136671,12.23951512187341,Germany
2029,0.007914738588092508,Full,36802.13529772706,739.8432314822203,Germany
2030,0.007914738588092508,Full,38231.47125246272,2169.1791862178798,Germany
2031,0.007914738588092508,Full,38943.90602407615,2881.6139578313087,Germany
2032,0.007914738588092508,Full,39656.340795689575,3594.0487294447375,Germany
2033,0.007914738588092508,Full,40368.775567303,4306.483501058159,Germany
2034,0.007914738588092508,Full,41081.210338916426,5018.918272671588,Germany
2024,0.0032895374876827127,Full,6687.099423409028,832.0285739537458,Italy
2025,0.003907947906402261,Full,8136.466740918858,2281.395891463576,Italy
2026,0.004526358325121808,Full,9612.508701936378,3757.4378524810963,Italy
2027,0.005144768743841356,Full,11144.332172440776,5289.261322985494,Italy
2028,0.005763179162560904,Full,12733.576924229068,6878.506074773786,Italy
2029,0.006381589581280452,Full,14381.924688634681,8526.853839179399,Italy
2030,0.007,Full,16376.2696995166,10521.198850061319,Italy
2031,0.007,Full,16679.567669110747,10824.496819655466,Italy
2032,0.007,Full,16982.865638704894,11127.794789249612,Italy
2033,0.007,Full,17286.16360829904,11431.092758843759,Italy
2034,0.007,Full,17589.461577893187,11734.390728437906,Italy
2024,0.006689559097279975,Full,6711.958475745216,-381.5001238819186,Netherlands
2025,0.006741299247733312,Full,6913.943903131429,-179.51469649570572,Netherlands
2026,0.00679303939818665,Full,7108.51367279589,15.05507316875537,Netherlands
2027,0.006844779548639987,Full,7307.924287276942,214.46568764980748,Netherlands
2028,0.006896519699093325,Full,7515.578807946238,422.12020831910377,Netherlands
2029,0.006948259849546662,Full,7727.551282771984,634.0926831448496,Netherlands
2030,0.007,Full,8088.123305582777,994.6647059556426,Netherlands
2031,0.007,Full,8241.459547628998,1148.0009480018634,Netherlands
2032,0.007,Full,8394.795789675218,1301.3371900480834,Netherlands
2033,0.007,Full,8548.132031721438,1454.6734320943033,Netherlands
2034,0.007,Full,8701.468273767658,1608.0096741405232,Netherlands
2024,0.002599242913420223,Full,665.07536532605,156.05928981347756,Portugal
2025,0.0033327024278501857,Full,869.5424020297143,360.5263265171418,Portugal
2026,0.004066161942280148,Full,1082.036730882347,573.0206553697745,Portugal
2027,0.004799621456710111,Full,1302.6975423817341,793.6814668691617,Portugal
2028,0.005533080971140074,Full,1531.6288508350465,1022.612775322474,Portugal
2029,0.0062665404855700374,Full,1769.2512751192041,1260.2351996066318,Portugal
2030,0.007,Full,2051.2924748214473,1542.2763993088747,Portugal
2031,0.007,Full,2089.151701210274,1580.1356256977015,Portugal
2032,0.007,Full,2127.0109275991,1617.9948520865273,Portugal
2033,0.007,Full,2164.8701539879257,1655.8540784753532,Portugal
2034,0.007,Full,2202.7293803767525,1693.71330486418,Portugal
2024,0.009082824509663667,Full,5066.1385020342295,-394.78424450003604,Sweden
2025,0.009082824509663667,Full,5184.558272,-276.36447453426536,Sweden
2026,0.009082824509663667,Full,5288.251301584352,-172.67144494991317,Sweden
2027,0.009082824509663667,Full,5393.99488995599,-66.92785657827517,Sweden
2028,0.009082824509663667,Full,5501.882244332517,40.959497798251505,Sweden
2029,0.009082824509663667,Full,5611.913364713936,150.9906181796705,Sweden
2030,0.009082824509663667,Full,5825.575376534637,364.6526300003716,Sweden
2031,0.009082824509663667,Full,5933.462730911166,472.53998437690007,Sweden
2032,0.009082824509663667,Full,6041.350085287693,580.4273387534276,Sweden
2033,0.009082824509663667,Full,6149.237439664222,688.3146931299561,Sweden
2034,0.009082824509663667,Full,6257.12479404075,796.2020475064846,Sweden
2024,0.005492031646542102,Full,1492.164780884319,-24.609200908646244,Finland
2025,0.005743359705451751,Full,1591.6629988662855,74.88901707332025,Finland
2026,0.005994687764361401,Full,1688.8716344498594,172.09765265689407,Finland
2027,0.006246015823271051,Full,1795.6521301457306,278.87814835276527,Finland
2028,0.006497343882180701,Full,1906.347258658243,389.57327686527765,Finland
2029,0.00674867194109035,Full,2020.1804126168422,503.4064308238769,Finland
2030,0.007,Full,2174.4906954845114,657.7167136915461,Finland
2031,0.007,Full,2215.596662414754,698.8226806217888,Finland
2032,0.007,Full,2256.702629344997,739.9286475520319,Finland
2033,0.007,Full,2297.8085962752402,781.034614482275,Finland
2034,0.007,Full,2338.914563205483,822.1405814125176,Finland
2024,0.0067301659325948865,Full,2569.0134511658366,-144.29996571833817,Ireland
2025,0.006775138277162405,Full,2638.5252238262856,-74.7881930578892,Ireland
2026,0.006820110621729924,Full,2707.919115826879,-5.394301057295706,Ireland
2027,0.006865082966297443,Full,2779.5166426164533,66.2032257322785,Ireland
2028,0.006910055310864962,Full,2853.84177575915,140.5283588749753,Ireland
2029,0.006955027655432481,Full,2929.8683241174263,216.55490723325147,Ireland
2030,0.007,Full,3060.2673963947964,346.9539795106216,Ireland
2031,0.007,Full,3116.7571600051124,403.4437431209376,Ireland
2032,0.007,Full,3173.2469236154284,459.9335067312536,Ireland
2033,0.007,Full,3229.736687225744,516.4232703415692,Ireland
2034,0.007,Full,3286.22645083606,572.9130339518852,Ireland
2024,0.009857905051154588,Full,521.2239331615469,-43.37062785749231,Luxembourg
2025,0.009857905051154588,Full,536.467232,-28.12732901903928,Luxembourg
2026,0.009857905051154588,Full,546.6403789220808,-17.954182096958448,Luxembourg
2027,0.009857905051154588,Full,557.7249215732586,-6.869639445780649,Luxembourg
2028,0.009857905051154588,Full,568.6288272330838,4.034266214044578,Luxembourg
2029,0.009857905051154588,Full,579.7380022012641,15.14344118222482,Luxembourg
2030,0.009857905051154588,Full,601.4910750386864,36.89651401964716,Luxembourg
2031,0.009857905051154588,Full,612.5236161317475,47.929055112708284,Luxembourg
2032,0.009857905051154588,Full,623.5561572248085,58.9615962057693,Luxembourg
2033,0.009857905051154588,Full,634.5886983178697,69.99413729883042,Luxembourg
2034,0.009857905051154588,Full,645.6212394109308,81.02667839189155,Luxembourg
2024,0.0010362383438536316,Full,25.471757992720455,7.784269673812037,Cyprus
2025,0.0014135319532113597,Full,35.62958728228571,17.942098963377294,Cyprus
2026,0.001790825562569088,Full,46.17856561226161,28.49107729335319,Cyprus
2027,0.002168119171926816,Full,57.1781453649289,39.49065704602049,Cyprus
2028,0.002545412781284544,Full,68.49299179362768,50.80550347471926,Cyprus
2029,0.002922706390642272,Full,80.22078848223266,62.53330016332424,Cyprus
2030,0.0033,Full,94.27646308795136,76.58897476904293,Cyprus
2031,0.0033,Full,96.10383222887951,78.41634390997109,Cyprus
2032,0.0033,Full,97.93120136980768,80.24371305089926,Cyprus
2033,0.0033,Full,99.75857051073584,82.07108219182741,Cyprus
2034,0.0033,Full,101.58593965166399,83.89845133275557,Cyprus
2024,0.0021644656875508383,Full,467.34765544876194,148.78535511575234,Greece
2025,0.002970388072959032,Full,657.7864779245715,339.2241775915619,Greece
2026,0.0037763104583672254,Full,853.4500381823299,534.8877378493203,Greece
2027,0.00458223284377542,Full,1056.5031422083148,737.9408418753052,Greece
2028,0.005388155229183613,Full,1267.4003497249723,948.8380493919627,Greece
2029,0.006194077614591806,Full,1485.2853864712454,1166.7230861382359,Greece
2030,0.007,Full,1742.8496194964346,1424.2873191634249,Greece
2031,0.007,Full,1775.0267231343232,1456.4644228013135,Greece
2032,0.007,Full,1807.2038267722126,1488.641526439203,Greece
2033,0.007,Full,1839.380930410101,1520.8186300770913,Greece
2034,0.007,Full,1871.55803404799,1552.9957337149804,Greece
2024,0.002717509100285789,Full,47.00790060234238,-1.8825167906978777,Malta
2025,0.0028145909169048243,Full,49.68607352045714,0.7956561274168834,Malta
2026,0.0029116727335238594,Full,52.45578329108288,3.5653658980426215,Malta
2027,0.0030087545501428946,Full,55.27493897747233,6.384521584432072,Malta
2028,0.0031058363667619297,Full,58.12319653384846,9.232779140808198,Malta
2029,0.003202918183380965,Full,61.06377137215938,12.17335397911912,Malta
2030,0.0033,Full,65.23619637111766,16.345778978077398,Malta
2031,0.0033,Full,66.39048794890554,17.500070555865285,Malta
2032,0.0033,Full,67.54477952669342,18.65436213365316,Malta
2033,0.0033,Full,68.69907110448133,19.808653711441075,Malta
2034,0.0033,Full,69.8533626822692,20.962945289228948,Malta
2024,0.003090887175039105,Full,4381.459268462724,656.3155307636903,Spain
2025,0.0037424059791992537,Full,5437.652209152,1712.5084714529662,Spain
2026,0.004393924783359403,Full,6484.035929440797,2758.8921917417633,Spain
2027,0.005045443587519552,Full,7573.82462067739,3848.6808829783563,Spain
2028,0.0056969623916797016,Full,8703.74498978348,4978.601252084445,Spain
2029,0.006348481195839851,Full,9872.375448067565,6147.231710368531,Spain
2030,0.007,Full,11245.334131993106,7520.190394294072,Spain
2031,0.007,Full,11430.58841217926,7705.444674480226,Spain
2032,0.007,Full,11615.842692365411,7890.698954666377,Spain
2033,0.007,Full,11801.096972551564,8075.95323485253,Spain
2034,0.007,Full,11986.351252737717,8261.207515038683,Spain
2024,0.002542205383447779,Full,155.32488997356216,-4.468313509708196,Slovenia
2025,0.002668504486206482,Full,166.4319620214857,6.638758538215342,Slovenia
2026,0.002794803588965186,Full,177.82701909737327,18.033815614102906,Slovenia
2027,0.002921102691723889,Full,189.59997183596963,29.806768352699265,Slovenia
2028,0.003047401794482593,Full,201.8956379421615,42.10243445889114,Slovenia
2029,0.0031737008972412967,Full,214.59610939756726,54.8029059142969,Slovenia
2030,0.0033,Full,231.7952587627454,72.00205527947503,Slovenia
2031,0.0033,Full,236.1834430809022,76.39023959763185,Slovenia
2032,0.0033,Full,240.57162739905903,80.77842391578866,Slovenia
2033,0.0033,Full,244.95981171721584,85.16660823394548,Slovenia
2034,0.0033,Full,249.34799603537263,89.55479255210227,Slovenia
2024,0.0022096508635929797,Full,144.94361713287572,-1.118256175783813,Croatia
2025,0.0023913757196608165,Full,160.76812192182857,14.706248613169038,Croatia
2026,0.002573100575728653,Full,177.22010262307992,31.158229314420396,Croatia
2027,0.00275482543179649,Full,193.87800267121497,47.81612936255544,Croatia
2028,0.0029365502878643266,Full,211.1674026455851,65.10552933692557,Croatia
2029,0.0031182751439321633,Full,229.03213478901165,82.97026148035212,Croatia
2030,0.0033,Full,252.561036697988,106.49916338932846,Croatia
2031,0.0033,Full,257.5926516330915,111.53077832443199,Croatia
2032,0.0033,Full,262.6242665681951,116.56239325953555,Croatia
2033,0.0033,Full,267.6558815032987,121.59400819463917,Croatia
2034,0.0033,Full,272.6874964384022,126.62562312974268,Croatia
2024,0.0025486489094303758,Full,751.4219148833034,-14.112577615038731,Czechia
2025,0.00267387409119198,Full,805.4424847542857,39.907992255943554,Czechia
2026,0.002799099272953584,Full,860.1298879076653,94.59539540932315,Czechia
2027,0.002924324454715188,Full,916.9804526052384,151.44596010689622,Czechia
2028,0.0030495496364767918,Full,975.9638833799607,210.4293908816186,Czechia
2029,0.003174774818238396,Full,1036.9069347441862,271.372442245844,Czechia
2030,0.0033,Full,1119.7479034102096,354.2134109118674,Czechia
2031,0.0033,Full,1140.999825133623,375.4653326352809,Czechia
2032,0.0033,Full,1162.2517468570363,396.71725435869416,Czechia
2033,0.0033,Full,1183.5036685804496,417.9691760821074,Czechia
2034,0.0033,Full,1204.7555903038633,439.22109780552114,Czechia
2024,0.0016290612834999004,Full,187.41223042693855,11.813303670705466,Slovakia
2025,0.0019075510695832504,Full,227.98243425462857,52.38350749839549,Slovakia
2026,0.0021860408556666003,Full,267.52063345030916,91.92170669407608,Slovakia
2027,0.0024645306417499504,Full,307.492031238724,131.8931044824909,Slovakia
2028,0.0027430204278333,Full,348.9169458290173,173.31801907278424,Slovakia
2029,0.00302151021391665,Full,391.9265949160864,216.32766815985332,Slovakia
2030,0.0033,Full,444.5735757427291,268.974648986496,Slovakia
2031,0.0033,Full,452.64248968541386,277.0435629291808,Slovakia
2032,0.0033,Full,460.7114036280986,285.1124768718655,Slovakia
2033,0.0033,Full,468.78031757078344,293.18139081455035,Slovakia
2034,0.0033,Full,476.84923151346817,301.2503047572351,Slovakia
2024,0.0020700470957613812,Full,168.30578753472116,-0.16551824448313823,Bulgaria
2025,0.002275039246467818,Full,191.46002285714286,22.98871707793856,Bulgaria
2026,0.002480031397174254,Full,213.84995881673606,45.37865303753176,Bulgaria
2027,0.002685023547880691,Full,236.87343113889838,68.40212535969408,Bulgaria
2028,0.002890015698587127,Full,260.5766822371169,92.10537645791263,Bulgaria
2029,0.0030950078492935637,Full,285.23807643983343,116.76677066062913,Bulgaria
2030,0.0033,Full,317.26387478260864,148.79256900340434,Bulgaria
2031,0.0033,Full,323.789036521739,155.31773074253468,Bulgaria
2032,0.0033,Full,330.31419826086943,161.84289248166513,Bulgaria
2033,0.0033,Full,336.8393599999999,168.36805422079559,Bulgaria
2034,0.0033,Full,343.3645217391303,174.89321595992598,Bulgaria
2024,0.0017441496562031187,Full,316.44001267806925,13.204767779932752,Hungary
2025,0.0020034580468359323,Full,379.7581309979429,76.52288609980639,Hungary
2026,0.0022627664374687455,Full,442.1046336618807,138.8693887637442,Hungary
2027,0.0025220748281015596,Full,507.41332721559627,204.17808231745977,Hungary
2028,0.0027813832187343727,Full,575.8925916161371,272.6573467180006,Hungary
2029,0.0030406916093671864,Full,647.6460205760437,344.4107756779072,Hungary
2030,0.0033,Full,741.4999861476763,438.2647412495398,Hungary
2031,0.0033,Full,760.8716938078522,457.63644890971574,Hungary
2032,0.0033,Full,780.2434014680282,477.0081565698917,Hungary
2033,0.0033,Full,799.6151091282042,496.37986423006765,Hungary
2034,0.0033,Full,818.9868167883802,515.7515718902437,Hungary
2024,0.0033649655577683416,Full,2304.06267131891,-321.85038465732305,Poland
2025,0.0033649655577683416,Full,2408.021984,-217.89107197623298,Poland
2026,0.0033649655577683416,Full,2485.9566555247275,-139.9564004515055,Poland
2027,0.0033649655577683416,Full,2548.558140732004,-77.35491524422878,Poland
2028,0.0033649655577683416,Full,2612.552145382843,-13.360910593390145,Poland
2029,0.0033649655577683416,Full,2677.9231970389824,52.010141062749426,Poland
2030,0.0033649655577683416,Full,2810.088764671348,184.1757086951152,Poland
2031,0.0033649655577683416,Full,2874.0776118427666,248.16455586653365,Poland
2032,0.0033649655577683416,Full,2938.0664590141846,312.15340303795165,Poland
2033,0.0033649655577683416,Full,3002.055306185603,376.1422502093701,Poland
2034,0.0033649655577683416,Full,3066.0441533570215,440.13109738078856,Poland
2024,0.0018566396583842614,Full,564.7494065472235,17.71764782259629,Romania
2025,0.0020971997153202177,Full,655.4578249188571,108.42606619422986,Romania
2026,0.002337759772256174,Full,751.5005016121755,204.46874288754827,Romania
2027,0.0025783198291921307,Full,853.724262050101,306.6925033254737,Romania
2028,0.0028188798861280874,Full,959.1190837631699,412.08732503854264,Romania
2029,0.0030594399430640433,Full,1068.1710627333944,521.1393040087671,Romania
2030,0.0033,Full,1213.085054038786,666.0532953141587,Romania
2031,0.0033,Full,1243.5304096955042,696.498650970877,Romania
2032,0.0033,Full,1273.9757653522227,726.9440066275954,Romania
2033,0.0033,Full,1304.4211210089406,757.3893622843134,Romania
2034,0.0033,Full,1334.866476665659,787.8347179410318,Romania
2024,0.002833788207010762,Full,101.05756409772683,-10.715585408508218,Estonia
2025,0.002911490172508968,Full,106.75083717485712,-5.022312331377918,Estonia
2026,0.0029891921380071746,Full,112.82165417790101,1.0485046716659667,Estonia
2027,0.003066894103505381,Full,119.24559500313634,7.472445496901301,Estonia
2028,0.0031445960690035875,Full,125.97953228873614,14.206382782501095,Estonia
2029,0.0032222980345017935,Full,133.00577332435662,21.23262381812158,Estonia
2030,0.0033,Full,143.8364486376413,32.063299131406254,Estonia
2031,0.0033,Full,147.72328782489677,35.95013831866173,Estonia
2032,0.0033,Full,151.61012701215225,39.836977505917204,Estonia
2033,0.0033,Full,155.4969661994077,43.72381669317265,Estonia
2034,0.0033,Full,159.38380538666314,47.6106558804281,Estonia
2024,0.0033405915084046473,Full,126.3912408948503,-14.605577786186373,Latvia
2025,0.0033405915084046473,Full,131.608288,-9.388530681036684,Latvia
2026,0.0033405915084046473,Full,135.15199220183632,-5.84482647920035,Latvia
2027,0.0033405915084046473,Full,138.76399611401195,-2.2328225670247264,Latvia
2028,0.0033405915084046473,Full,142.4232844410379,1.4264657600012356,Latvia
2029,0.0033405915084046473,Full,146.23055547379903,5.2337367927623575,Latvia
2030,0.0033405915084046473,Full,153.52840871146591,12.531590030429243,Latvia
2031,0.0033405915084046473,Full,157.2212631354535,16.22444445441684,Latvia
2032,0.0033405915084046473,Full,160.91411755944108,19.91729887840441,Latvia
2033,0.0033405915084046473,Full,164.60697198342862,23.61015330239195,Latvia
2034,0.0033405915084046473,Full,168.29982640741622,27.303007726379548,Latvia
2024,0.0028865409987375314,Full,176.4983493042261,-7.954146727180898,Lithuania
2025,0.002955450832281276,Full,184.9468786733714,0.49438264196439263,Lithuania
2026,0.0030243606658250212,Full,193.60710215608594,9.154606124678935,Lithuania
2027,0.003093270499368766,Full,202.64465094935792,18.192154917950916,Lithuania
2028,0.0031621803329125106,Full,211.91678701869913,27.464290987292117,Lithuania
2029,0.0032310901664562553,Full,221.45192972824518,36.99943369683817,Lithuania
2030,0.0033,Full,236.03060192505976,51.57810589365275,Lithuania
2031,0.0033,Full,241.00475679392335,56.55226076251634,Lithuania
2032,0.0033,Full,245.97891166278689,61.52641563137988,Lithuania
2033,0.0033,Full,250.95306653165048,66.50057050024347,Lithuania
2034,0.0033,Full,255.92722140051401,71.474725369107,Lithuania
2024,0.0037894153185566966,Excluding IDRC,1747.608119232668,102.29418882517825,Austria
2025,0.004324512765463914,Excluding IDRC,2048.296823305143,402.9828928976531,Austria
2026,0.004859610212371131,Excluding IDRC,2351.5294284409483,706.2154980334585,Austria
2027,0.005394707659278348,Excluding IDRC,2665.4999451652316,1020.1860147577418,Austria
2028,0.005929805106185565,Excluding IDRC,2989.851606091039,1344.537675683549,Austria
2029,0.006464902553092783,Excluding IDRC,3328.0017793338557,1682.6878489263659,Austria
2030,0.007,Excluding IDRC,3746.8347660606855,2101.5208356531957,Austria
2031,0.007,Excluding IDRC,3818.905089120444,2173.591158712954,Austria
2032,0.007,Excluding IDRC,3890.975412180203,2245.661481772713,Austria
2033,0.007,Excluding IDRC,3963.045735239961,2317.731804832471,Austria
2034,0.007,Excluding IDRC,4035.11605829972,2389.80212789223,Austria
2024,0.004309287790542914,Excluding IDRC,2516.0155595499027,97.74841014665299,Belgium
2025,0.004757739825452429,Excluding IDRC,2833.643216457143,415.37606705389317,Belgium
2026,0.005206191860361943,Excluding IDRC,3158.276351273532,740.0092018702821,Belgium
2027,0.005654643895271458,Excluding IDRC,3495.2103024975727,1076.943153094323,Belgium
2028,0.0061030959301809715,Excluding IDRC,3846.805983399119,1428.5388339958695,Belgium
2029,0.006551547965090486,Excluding IDRC,4210.0573334841365,1791.7901840808868,Belgium
2030,0.007,Excluding IDRC,4663.165408628162,2244.8982592249126,Belgium
2031,0.007,Excluding IDRC,4747.087220939284,2328.820071536034,Belgium
2032,0.007,Excluding IDRC,4831.009033250406,2412.7418838471563,Belgium
2033,0.007,Excluding IDRC,4914.930845561528,2496.6636961582785,Belgium
2034,0.007,Excluding IDRC,4998.8526578726505,2580.585508469401,Belgium
2024,0.006718444900884643,Excluding IDRC,2531.129755948183,-66.16676239718754,Denmark
2025,0.006765370750737203,Excluding IDRC,2599.495781092571,2.199262747200464,Denmark
2026,0.006812296600589763,Excluding IDRC,2669.7638483315122,72.46732998614152,Denmark
2027,0.006859222450442321,Excluding IDRC,2743.446116321116,146.1495979757451,Denmark
2028,0.006906148300294881,Excluding IDRC,2820.7715172661915,223.47499892082078,Denmark
2029,0.0069530741501474405,Excluding IDRC,2900.487819235206,303.1913008898355,Denmark
2030,0.007,Excluding IDRC,3035.460855684199,438.1643373388283,Denmark
2031,0.007,Excluding IDRC,3094.3733658957144,497.0768475503437,Denmark
2032,0.007,Excluding IDRC,3153.2858761072293,555.9893577618586,Denmark
2033,0.007,Excluding IDRC,3212.1983863187443,614.9018679733736,Denmark
2034,0.007,Excluding IDRC,3271.1108965302597,673.8143781848889,Denmark
2024,0.004922073292839676,Excluding IDRC,13806.197112032633,87.64745403386587,France
2025,0.0052683944106997295,Excluding IDRC,15069.694277714285,1351.1446197155183,France
2026,0.005614715528559784,Excluding IDRC,16368.222380411802,2649.6727224130354,France
2027,0.005961036646419838,Excluding IDRC,17690.838965867602,3972.2893078688357,France
2028,0.006307357764279892,Excluding IDRC,19052.30042941491,5333.750771416144,France
2029,0.006653678882139946,Excluding IDRC,20437.657128509745,6719.107470510979,France
2030,0.007,Excluding IDRC,22240.271873683218,8521.722215684451,France
2031,0.007,Excluding IDRC,22605.196690533383,8886.647032534616,France
2032,0.007,Excluding IDRC,22970.121507383545,9251.571849384778,France
2033,0.007,Excluding IDRC,23335.046324233703,9616.496666234936,France
2034,0.007,Excluding IDRC,23699.97114108387,9981.421483085105,France
2024,0.006472818363081191,Excluding IDRC,26921.04793124138,-2171.018813769304,Germany
2025,0.006560681969234325,Excluding IDRC,28120.126068571426,-971.9406764392588,Germany
2026,0.00664854557538746,Excluding IDRC,29119.18139653563,27.114651524945657,Germany
2027,0.0067364091815405956,Excluding IDRC,30098.754292152727,1006.6875471420426,Germany
2028,0.006824272787693731,Excluding IDRC,31104.305146589835,2012.2384015791504,Germany
2029,0.006912136393846865,Excluding IDRC,32140.212330626415,3048.14558561573,Germany
2030,0.007,Excluding IDRC,33812.90434151116,4720.837596500474,Germany
2031,0.007,Excluding IDRC,34443.00012367595,5350.933378665264,Germany
2032,0.007,Excluding IDRC,35073.09590584074,5981.029160830054,Germany
2033,0.007,Excluding IDRC,35703.19168800552,6611.124942994837,Germany
2034,0.007,Excluding IDRC,36333.28747017031,7241.220725159626,Germany
2024,0.0026768026916745374,Excluding IDRC,5441.508358880588,1153.394006907898,Italy
2025,0.003397335576395448,Excluding IDRC,7073.356295204572,2785.241943231882,Italy
2026,0.004117868461116359,Excluding IDRC,8745.009469581742,4456.895117609052,Italy
2027,0.004838401345837269,Excluding IDRC,10480.694947881166,6192.5805959084755,Italy
2028,0.00555893423055818,Excluding IDRC,12282.30368081927,7994.18932884658,Italy
2029,0.0062794671152790905,Excluding IDRC,14151.775507722527,9863.661155749836,Italy
2030,0.007,Excluding IDRC,16376.2696995166,12088.15534754391,Italy
2031,0.007,Excluding IDRC,16679.567669110747,12391.453317138057,Italy
2032,0.007,Excluding IDRC,16982.865638704894,12694.751286732204,Italy
2033,0.007,Excluding IDRC,17286.16360829904,12998.04925632635,Italy
2034,0.007,Excluding IDRC,17589.461577893187,13301.347225920497,Italy
2024,0.005681692532129232,Excluding IDRC,5700.717161331184,-136.1836573489054,Netherlands
2025,0.005901410443441026,Excluding IDRC,6052.545548845715,215.64473016562533,Netherlands
2026,0.006121128354752821,Excluding IDRC,6405.398534022085,568.4977153419959,Netherlands
2027,0.006340846266064616,Excluding IDRC,6769.8928943401925,932.9920756601032,Netherlands
2028,0.006560564177376411,Excluding IDRC,7149.466578938887,1312.565760258798,Netherlands
2029,0.0067802820886882055,Excluding IDRC,7540.73375010823,1703.832931428141,Netherlands
2030,0.007,Excluding IDRC,8088.123305582777,2251.2224869026877,Netherlands
2031,0.007,Excluding IDRC,8241.459547628998,2404.5587289489085,Netherlands
2032,0.007,Excluding IDRC,8394.795789675218,2557.8949709951285,Netherlands
2033,0.007,Excluding IDRC,8548.132031721438,2711.2312130413484,Netherlands
2034,0.007,Excluding IDRC,8701.468273767658,2864.5674550875683,Netherlands
2024,0.0025717781896653666,Excluding IDRC,658.0478916372579,157.77344366820574,Portugal
2025,0.003309815158054472,Excluding IDRC,863.5708363154286,363.29638834637643,Portugal
2026,0.004047852126443578,Excluding IDRC,1077.1643491247846,576.8899011557326,Portugal
2027,0.004785889094832683,Excluding IDRC,1298.9703496791071,798.6959017100551,Portugal
2028,0.005523926063221789,Excluding IDRC,1529.0946531308161,1028.820205161764,Portugal
2029,0.006261963031610895,Excluding IDRC,1767.9589087373606,1267.6844607683086,Portugal
2030,0.007,Excluding IDRC,2051.2924748214473,1551.0180268523952,Portugal
2031,0.007,Excluding IDRC,2089.151701210274,1588.877253241222,Portugal
2032,0.007,Excluding IDRC,2127.0109275991,1626.7364796300478,Portugal
2033,0.007,Excluding IDRC,2164.8701539879257,1664.5957060188737,Portugal
2034,0.007,Excluding IDRC,2202.7293803767525,1702.4549324077004,Portugal
2024,0.008671790789831185,Excluding IDRC,4836.875704821516,-376.91869657764073,Sweden
2025,0.008671790789831185,Excluding IDRC,4949.936512,-263.8578893991562,Sweden
2026,0.008671790789831185,Excluding IDRC,5048.93702202445,-164.8573793747064,Sweden
2027,0.008671790789831185,Excluding IDRC,5149.895294943765,-63.89910645539112,Sweden
2028,0.008671790789831185,Excluding IDRC,5252.900319980439,39.10591858128282,Sweden
2029,0.008671790789831185,Excluding IDRC,5357.952097134475,144.15769573531816,Sweden
2030,0.008671790789831185,Excluding IDRC,5561.94505816463,348.1506567654733,Sweden
2031,0.008671790789831185,Excluding IDRC,5664.950083201305,451.15568180214814,Sweden
2032,0.008671790789831185,Excluding IDRC,5767.955108237979,554.160706838823,Sweden
2033,0.008671790789831185,Excluding IDRC,5870.960133274654,657.1657318754978,Sweden
2034,0.008671790789831185,Excluding IDRC,5973.965158311329,760.1707569121727,Sweden
2024,0.004778379661892857,Excluding IDRC,1298.2681637786484,22.465049411370046,Finland
2025,0.005148649718244047,Excluding IDRC,1426.8504274377142,151.04731307043585,Finland
2026,0.0055189197745952375,Excluding IDRC,1554.8344511836679,279.0313368163895,Finland
2027,0.005889189830946428,Excluding IDRC,1693.0690801922135,417.26596582493517,Finland
2028,0.006259459887297619,Excluding IDRC,1836.551121998807,560.7480076315287,Finland
2029,0.006629729943648809,Excluding IDRC,1984.5757343088162,708.7726199415379,Finland
2030,0.007,Excluding IDRC,2174.4906954845114,898.6875811172331,Finland
2031,0.007,Excluding IDRC,2215.596662414754,939.7935480474757,Finland
2032,0.007,Excluding IDRC,2256.702629344997,980.8995149777188,Finland
2033,0.007,Excluding IDRC,2297.8085962752402,1022.0054819079619,Finland
2034,0.007,Excluding IDRC,2338.914563205483,1063.1114488382045,Finland
2024,0.0037315785674913553,Excluding IDRC,1424.404038470901,130.96352319925745,Ireland
2025,0.004276315472909463,Excluding IDRC,1665.3780009691427,371.93748569749914,Ireland
2026,0.00482105237832757,Excluding IDRC,1914.1947422495696,620.754226977926,Ireland
2027,0.005365789283745677,Excluding IDRC,2172.48658001112,879.0460647394766,Ireland
2028,0.005910526189163785,Excluding IDRC,2441.0378494123415,1147.597334140698,Ireland
2029,0.006455263094581893,Excluding IDRC,2719.3379813359866,1425.897466064343,Ireland
2030,0.007,Excluding IDRC,3060.2673963947964,1766.8268811231528,Ireland
2031,0.007,Excluding IDRC,3116.7571600051124,1823.3166447334688,Ireland
2032,0.007,Excluding IDRC,3173.2469236154284,1879.8064083437848,Ireland
2033,0.007,Excluding IDRC,3229.736687225744,1936.2961719541004,Ireland
2034,0.007,Excluding IDRC,3286.22645083606,1992.7859355644164,Ireland
2024,0.009857905051154588,Excluding IDRC,521.2239331615469,-43.37062785749231,Luxembourg
2025,0.009857905051154588,Excluding IDRC,536.467232,-28.12732901903928,Luxembourg
2026,0.009857905051154588,Excluding IDRC,546.6403789220808,-17.954182096958448,Luxembourg
2027,0.009857905051154588,Excluding IDRC,557.7249215732586,-6.869639445780649,Luxembourg
2028,0.009857905051154588,Excluding IDRC,568.6288272330838,4.034266214044578,Luxembourg
2029,0.009857905051154588,Excluding IDRC,579.7380022012641,15.14344118222482,Luxembourg
2030,0.009857905051154588,Excluding IDRC,601.4910750386864,36.89651401964716,Luxembourg
2031,0.009857905051154588,Excluding IDRC,612.5236161317475,47.929055112708284,Luxembourg
2032,0.009857905051154588,Excluding IDRC,623.5561572248085,58.9615962057693,Luxembourg
2033,0.009857905051154588,Excluding IDRC,634.5886983178697,69.99413729883042,Luxembourg
2034,0.009857905051154588,Excluding IDRC,645.6212394109308,81.02667839189155,Luxembourg
2024,0.0010362383438536316,Excluding IDRC,25.471757992720455,7.784269673812037,Cyprus
2025,0.0014135319532113597,Excluding IDRC,35.62958728228571,17.942098963377294,Cyprus
2026,0.001790825562569088,Excluding IDRC,46.17856561226161,28.49107729335319,Cyprus
2027,0.002168119171926816,Excluding IDRC,57.1781453649289,39.49065704602049,Cyprus
2028,0.002545412781284544,Excluding IDRC,68.49299179362768,50.80550347471926,Cyprus
2029,0.002922706390642272,Excluding IDRC,80.22078848223266,62.53330016332424,Cyprus
2030,0.0033,Excluding IDRC,94.27646308795136,76.58897476904293,Cyprus
2031,0.0033,Excluding IDRC,96.10383222887951,78.41634390997109,Cyprus
2032,0.0033,Excluding IDRC,97.93120136980768,80.24371305089926,Cyprus
2033,0.0033,Excluding IDRC,99.75857051073584,82.07108219182741,Cyprus
2034,0.0033,Excluding IDRC,101.58593965166399,83.89845133275557,Cyprus
2024,0.0021644656875508383,Excluding IDRC,467.34765544876194,148.78535511575234,Greece
2025,0.002970388072959032,Excluding IDRC,657.7864779245715,339.2241775915619,Greece
2026,0.0037763104583672254,Excluding IDRC,853.4500381823299,534.8877378493203,Greece
2027,0.00458223284377542,Excluding IDRC,1056.5031422083148,737.9408418753052,Greece
2028,0.005388155229183613,Excluding IDRC,1267.4003497249723,948.8380493919627,Greece
2029,0.006194077614591806,Excluding IDRC,1485.2853864712454,1166.7230861382359,Greece
2030,0.007,Excluding IDRC,1742.8496194964346,1424.2873191634249,Greece
2031,0.007,Excluding IDRC,1775.0267231343232,1456.4644228013135,Greece
2032,0.007,Excluding IDRC,1807.2038267722126,1488.641526439203,Greece
2033,0.007,Excluding IDRC,1839.380930410101,1520.8186300770913,Greece
2034,0.007,Excluding IDRC,1871.55803404799,1552.9957337149804,Greece
2024,0.0006999881454366332,Excluding IDRC,12.10850523372406,7.133450764900085,Malta
2025,0.0011333234545305277,Excluding IDRC,20.00659923474286,15.031544765918888,Malta
2026,0.0015666587636244222,Excluding IDRC,28.224433209668998,23.249378740845025,Malta
2027,0.0019999940727183168,Excluding IDRC,36.74262838075675,31.767573911932775,Malta
2028,0.002433329381812211,Excluding IDRC,45.53777636331615,40.56272189449217,Malta
2029,0.0028666646909061054,Excluding IDRC,54.65308423874637,49.67802976992239,Malta
2030,0.0033,Excluding IDRC,65.23619637111766,60.26114190229368,Malta
2031,0.0033,Excluding IDRC,66.39048794890554,61.41543348008157,Malta
2032,0.0033,Excluding IDRC,67.54477952669342,62.56972505786944,Malta
2033,0.0033,Excluding IDRC,68.69907110448133,63.72401663565736,Malta
2034,0.0033,Excluding IDRC,69.8533626822692,64.87830821344524,Malta
2024,0.0029319771965271952,Excluding IDRC,4156.197860079737,714.169595266254,Spain
2025,0.003609980997105996,Excluding IDRC,5245.2409634377145,1803.212698624231,Spain
2026,0.004287984797684797,Excluding IDRC,6327.7021942616975,2885.673929448214,Spain
2027,0.004965988598263598,Excluding IDRC,7454.553015827626,4012.5247510141426,Spain
2028,0.005643992398842399,Excluding IDRC,8622.818124189303,5180.78985937582,Spain
2029,0.006321996199421199,Excluding IDRC,9831.189246152533,6389.16098133905,Spain
2030,0.007,Excluding IDRC,11245.334131993106,7803.3058671796225,Spain
2031,0.007,Excluding IDRC,11430.58841217926,7988.560147365777,Spain
2032,0.007,Excluding IDRC,11615.842692365411,8173.814427551928,Spain
2033,0.007,Excluding IDRC,11801.096972551564,8359.06870773808,Spain
2034,0.007,Excluding IDRC,11986.351252737717,8544.322987924234,Spain
2024,0.0023141949740227213,Excluding IDRC,141.39380006738685,-0.8047918005280223,Slovenia
2025,0.0024784958116856014,Excluding IDRC,154.5813105929143,12.382718724999421,Slovenia
2026,0.002642796649348481,Excluding IDRC,168.1551619905339,25.95657012261904,Slovenia
2027,0.0028070974870113606,Excluding IDRC,182.20023759728969,40.001645729374815,Slovenia
2028,0.0029713983246742407,Excluding IDRC,196.86027665486515,54.661684786950275,Slovenia
2029,0.0031356991623371203,Excluding IDRC,212.02654637797627,69.8279545100614,Slovenia
2030,0.0033,Excluding IDRC,231.7952587627454,89.59666689483052,Slovenia
2031,0.0033,Excluding IDRC,236.1834430809022,93.98485121298734,Slovenia
2032,0.0033,Excluding IDRC,240.57162739905903,98.37303553114415,Slovenia
2033,0.0033,Excluding IDRC,244.95981171721584,102.76121984930097,Slovenia
2034,0.0033,Excluding IDRC,249.34799603537263,107.14940416745776,Slovenia
2024,0.0020807757472359255,Excluding IDRC,136.4899623809038,1.2573949687552215,Croatia
2025,0.002283979789363271,Excluding IDRC,153.54807620754286,18.315508795394294,Croatia
2026,0.002487183831490617,Excluding IDRC,171.3026603067826,36.07009289463403,Croatia
2027,0.0026903878736179625,Excluding IDRC,189.3430419682727,54.11047455612413,Croatia
2028,0.0028935919157453086,Excluding IDRC,208.07826506134407,72.8456976491955,Croatia
2029,0.003096795957872654,Excluding IDRC,227.45452421596374,92.22195680381517,Croatia
2030,0.0033,Excluding IDRC,252.561036697988,117.32846928583942,Croatia
2031,0.0033,Excluding IDRC,257.5926516330915,122.36008422094295,Croatia
2032,0.0033,Excluding IDRC,262.6242665681951,127.39169915604651,Croatia
2033,0.0033,Excluding IDRC,267.6558815032987,132.42331409115013,Croatia
2034,0.0033,Excluding IDRC,272.6874964384022,137.45492902625364,Croatia
2024,0.0014536188508394784,Excluding IDRC,428.57258854551026,66.59821186049805,Czechia
2025,0.001761349042366232,Excluding IDRC,530.5655018971429,168.5911252121307,Czechia
2026,0.0020690792338929854,Excluding IDRC,635.803419591672,273.82904290665977,Czechia
2027,0.002376809425419739,Excluding IDRC,745.2961586268505,383.32178194183825,Czechia
2028,0.0026845396169464927,Excluding IDRC,859.1477503115535,497.1733736265413,Czechia
2029,0.0029922698084732463,Excluding IDRC,977.2993338636791,615.3249571786669,Czechia
2030,0.0033,Excluding IDRC,1119.7479034102096,757.7735267251974,Czechia
2031,0.0033,Excluding IDRC,1140.999825133623,779.0254484486109,Czechia
2032,0.0033,Excluding IDRC,1162.2517468570363,800.2773701720241,Czechia
2033,0.0033,Excluding IDRC,1183.5036685804496,821.5292918954374,Czechia
2034,0.0033,Excluding IDRC,1204.7555903038633,842.7812136188511,Czechia
2024,0.0016179187204411183,Excluding IDRC,186.1303556339702,12.221621366281113,Slovakia
2025,0.0018982656003675986,Excluding IDRC,226.87267425462858,52.963939986939494,Slovakia
2026,0.0021786124802940787,Excluding IDRC,266.61157281678425,92.70283854909516,Slovakia
2027,0.0024589593602205593,Excluding IDRC,306.796919299333,132.88818503164393,Slovakia
2028,0.0027393062401470394,Excluding IDRC,348.44449472709476,174.53576045940568,Slovakia
2029,0.0030196531200735195,Excluding IDRC,391.68570727552,217.7769730078309,Slovakia
2030,0.0033,Excluding IDRC,444.5735757427291,270.66484147504,Slovakia
2031,0.0033,Excluding IDRC,452.64248968541386,278.73375541772475,Slovakia
2032,0.0033,Excluding IDRC,460.7114036280986,286.8026693604095,Slovakia
2033,0.0033,Excluding IDRC,468.78031757078344,294.8715833030943,Slovakia
2034,0.0033,Excluding IDRC,476.84923151346817,302.94049724577906,Slovakia
2024,0.0018440816326530613,Excluding IDRC,149.93359914250223,5.275789861312944,Bulgaria
2025,0.002086734693877551,Excluding IDRC,175.6129142857143,30.955105004525024,Bulgaria
2026,0.002329387755102041,Excluding IDRC,200.8601488127773,56.202339531588024,Bulgaria
2027,0.0025720408163265305,Excluding IDRC,226.90606705235137,82.24825777116209,Bulgaria
2028,0.0028146938775510206,Excluding IDRC,253.78533150665484,109.12752222546555,Bulgaria
2029,0.0030573469387755103,Excluding IDRC,281.7672207275954,137.10941144640609,Bulgaria
2030,0.0033,Excluding IDRC,317.26387478260864,172.60606550141935,Bulgaria
2031,0.0033,Excluding IDRC,323.789036521739,179.1312272405497,Bulgaria
2032,0.0033,Excluding IDRC,330.31419826086943,185.65638897968014,Bulgaria
2033,0.0033,Excluding IDRC,336.8393599999999,192.1815507188106,Bulgaria
2034,0.0033,Excluding IDRC,343.3645217391303,198.706712457941,Bulgaria
2024,0.0017441496562031187,Excluding IDRC,316.44001267806925,13.204767779932752,Hungary
2025,0.0020034580468359323,Excluding IDRC,379.7581309979429,76.52288609980639,Hungary
2026,0.0022627664374687455,Excluding IDRC,442.1046336618807,138.8693887637442,Hungary
2027,0.0025220748281015596,Excluding IDRC,507.41332721559627,204.17808231745977,Hungary
2028,0.0027813832187343727,Excluding IDRC,575.8925916161371,272.6573467180006,Hungary
2029,0.0030406916093671864,Excluding IDRC,647.6460205760437,344.4107756779072,Hungary
2030,0.0033,Excluding IDRC,741.4999861476763,438.2647412495398,Hungary
2031,0.0033,Excluding IDRC,760.8716938078522,457.63644890971574,Hungary
2032,0.0033,Excluding IDRC,780.2434014680282,477.0081565698917,Hungary
2033,0.0033,Excluding IDRC,799.6151091282042,496.37986423006765,Hungary
2034,0.0033,Excluding IDRC,818.9868167883802,515.7515718902437,Hungary
2024,0.0025124389032783728,Excluding IDRC,1720.3197452197062,-137.87707237212112,Poland
2025,0.002643699086065311,Excluding IDRC,1891.8724156416001,33.675598049772816,Poland
2026,0.0027749592688522486,Excluding IDRC,2050.0740185252725,191.87720093344524,Poland
2027,0.0029062194516391864,Excluding IDRC,2201.112943081914,342.91612549008687,Poland
2028,0.0030374796344261245,Excluding IDRC,2358.292766817967,500.0959492261395,Poland
2029,0.0031687398172130623,Excluding IDRC,2521.761877266772,663.5650596749447,Poland
2030,0.0033,Excluding IDRC,2755.8359110116817,897.6390934198544,Poland
2031,0.0033,Excluding IDRC,2818.5893603532922,960.3925427614649,Poland
2032,0.0033,Excluding IDRC,2881.342809694903,1023.1459921030755,Poland
2033,0.0033,Excluding IDRC,2944.096259036514,1085.8994414446865,Poland
2034,0.0033,Excluding IDRC,3006.8497083781244,1148.6528907862971,Poland
2024,0.0015719936933025324,Excluding IDRC,478.1662943477008,43.54367265556385,Romania
2025,0.0018599947444187769,Excluding IDRC,581.3218934902857,146.69927179814874,Romania
2026,0.0021479957955350213,Excluding IDRC,690.4986290561102,255.87600736397326,Romania
2027,0.0024359968466512658,Excluding IDRC,806.5987728587385,371.97615116660154,Romania
2028,0.00272399789776751,Excluding IDRC,926.8356487044938,492.21302701235686,Romania
2029,0.003011998948883755,Excluding IDRC,1051.6075419211716,616.9849202290346,Romania
2030,0.0033,Excluding IDRC,1213.085054038786,778.462432346649,Romania
2031,0.0033,Excluding IDRC,1243.5304096955042,808.9077880033673,Romania
2032,0.0033,Excluding IDRC,1273.9757653522227,839.3531436600857,Romania
2033,0.0033,Excluding IDRC,1304.4211210089406,869.7984993168037,Romania
2034,0.0033,Excluding IDRC,1334.866476665659,900.2438549735222,Romania
2024,0.002105860606296454,Excluding IDRC,75.09846454833298,-2.2333749563011196,Estonia
2025,0.0023048838385803785,Excluding IDRC,84.50939717485713,7.177557670223024,Estonia
2026,0.002503907070864303,Excluding IDRC,94.50544648862427,17.17360698399017,Estonia
2027,0.002702930303148227,Excluding IDRC,105.09411847071053,27.762278966076423,Estonia
2028,0.0029019535354321514,Excluding IDRC,116.25873119952998,38.92689169489587,Estonia
2029,0.0031009767677160757,Excluding IDRC,127.99803389841,50.666194393775896,Estonia
2030,0.0033,Excluding IDRC,143.8364486376413,66.5046091330072,Estonia
2031,0.0033,Excluding IDRC,147.72328782489677,70.39144832026267,Estonia
2032,0.0033,Excluding IDRC,151.61012701215225,74.27828750751814,Estonia
2033,0.0033,Excluding IDRC,155.4969661994077,78.16512669477359,Estonia
2034,0.0033,Excluding IDRC,159.38380538666314,82.05196588202904,Estonia
2024,0.002464576296149639,Excluding IDRC,93.24721552056783,-4.898697335475262,Latvia
2025,0.0026038135801246995,Excluding IDRC,102.58166755474285,4.435754698699753,Latvia
2026,0.0027430508640997595,Excluding IDRC,110.97698957245404,12.831076716410948,Latvia
2027,0.0028822881480748195,Excluding IDRC,119.72664732358228,21.580734467539187,Latvia
2028,0.00302152543204988,Excluding IDRC,128.8201730058829,30.67426014983981,Latvia
2029,0.00316076271602494,Excluding IDRC,138.35875668196607,40.212843825922974,Latvia
2030,0.0033,Excluding IDRC,151.66288589106583,53.51697303502273,Latvia
2031,0.0033,Excluding IDRC,155.31086846196652,57.164955605923424,Latvia
2032,0.0033,Excluding IDRC,158.95885103286722,60.81293817682412,Latvia
2033,0.0033,Excluding IDRC,162.60683360376788,64.46092074772478,Latvia
2034,0.0033,Excluding IDRC,166.25481617466858,68.10890331862548,Latvia
2024,0.0027099613950624718,Excluding IDRC,165.7013405026628,-5.265013733518089,Lithuania
2025,0.0028083011625520595,Excluding IDRC,175.73851295908568,4.7721587229048055,Lithuania
2026,0.0029066409300416477,Excluding IDRC,186.07116996084898,15.1048157246681,Lithuania
2027,0.003004980697531236,Excluding IDRC,196.8606575742537,25.89430333807283,Lithuania
2028,0.0031033204650208236,Excluding IDRC,207.9722320677603,37.005877831579426,Lithuania
2029,0.003201660232510412,Excluding IDRC,219.43486572559317,48.46851148941229,Lithuania
2030,0.0033,Excluding IDRC,236.03060192505976,65.06424768887888,Lithuania
2031,0.0033,Excluding IDRC,241.00475679392335,70.03840255774247,Lithuania
2032,0.0033,Excluding IDRC,245.97891166278689,75.01255742660601,Lithuania
2033,0.0033,Excluding IDRC,250.95306653165048,79.9867122954696,Lithuania
2034,0.0033,Excluding IDRC,255.92722140051401,84.96086716433314,Lithuania
2024,0.003888884900501827,Excluding Ukraine,1793.4816470491437,89.49639303581193,Austria
2025,0.004407404083751523,Excluding Ukraine,2087.558130448,383.5728764346684,Austria
2026,0.0049259232670012185,Excluding Ukraine,2383.6178249661452,679.6325709528135,Austria
2027,0.005444442450250914,Excluding Ukraine,2690.073673897719,986.0884198843871,Austria
2028,0.005962961633500609,Excluding Ukraine,3006.5693724712314,1302.5841184578996,Austria
2029,0.006481480816750304,Excluding Ukraine,3336.5359359583977,1632.550681945066,Austria
2030,0.007,Excluding Ukraine,3746.8347660606855,2042.8495120473538,Austria
2031,0.007,Excluding Ukraine,3818.905089120444,2114.919835107112,Austria
2032,0.007,Excluding Ukraine,3890.975412180203,2186.990158166871,Austria
2033,0.007,Excluding Ukraine,3963.045735239961,2259.0604812266292,Austria
2034,0.007,Excluding Ukraine,4035.11605829972,2331.1308042863884,Austria
2024,0.0042926229168187184,Excluding Ukraine,2506.2856265247688,100.19635926019055,Belgium
2025,0.004743852430682266,Excluding Ukraine,2825.3720786,419.2828113354217,Belgium
2026,0.005195081944545812,Excluding Ukraine,3151.5366487562515,745.4473814916732,Belgium
2027,0.005646311458409359,Excluding Ukraine,3490.0599128877743,1083.970645623196,Belgium
2028,0.0060975409722729065,Excluding Ukraine,3843.3046710221333,1437.2154037575551,Belgium
2029,0.006548770486136453,Excluding Ukraine,4208.27251168304,1802.1832444184615,Belgium
2030,0.007,Excluding Ukraine,4663.165408628162,2257.076141363584,Belgium
2031,0.007,Excluding Ukraine,4747.087220939284,2340.9979536747055,Belgium
2032,0.007,Excluding Ukraine,4831.009033250406,2424.919765985828,Belgium
2033,0.007,Excluding Ukraine,4914.930845561528,2508.84157829695,Belgium
2034,0.007,Excluding Ukraine,4998.8526578726505,2592.7633906080723,Belgium
2024,0.006753427297253247,Excluding Ukraine,2544.3091427987456,-68.87625055834314,Denmark
2025,0.00679452274771104,Excluding Ukraine,2610.6970139497143,-2.4883794073743957,Denmark
2026,0.006835618198168832,Excluding Ukraine,2678.903667360611,65.71827400352231,Denmark
2027,0.006876713648626623,Excluding Ukraine,2750.4419762855982,137.2565829285095,Denmark
2028,0.006917809099084416,Excluding Ukraine,2825.534294962796,212.3489016057074,Denmark
2029,0.006958904549542208,Excluding Ukraine,2902.919981191287,289.73458783419846,Denmark
2030,0.007,Excluding Ukraine,3035.460855684199,422.2754623271103,Denmark
2031,0.007,Excluding Ukraine,3094.3733658957144,481.1879725386257,Denmark
2032,0.007,Excluding Ukraine,3153.2858761072293,540.1004827501406,Denmark
2033,0.007,Excluding Ukraine,3212.1983863187443,599.0129929616555,Denmark
2034,0.007,Excluding Ukraine,3271.1108965302597,657.9255031731709,Denmark
2024,0.0048184528858899595,Excluding Ukraine,13515.546469902216,159.43820251104444,France
2025,0.005182044071574967,Excluding Ukraine,14822.69811342857,1466.5898460373992,France
2026,0.005545635257259973,Excluding Ukraine,16166.837067659453,2810.7288002682817,France
2027,0.00590922644294498,Excluding Ukraine,17537.079473881753,4180.971206490582,France
2028,0.006272817628629987,Excluding Ukraine,18947.966877098985,5591.858609707813,France
2029,0.006636408814314994,Excluding Ukraine,20384.609824748226,7028.5015573570545,France
2030,0.007,Excluding Ukraine,22240.271873683218,8884.163606292046,France
2031,0.007,Excluding Ukraine,22605.196690533383,9249.088423142211,France
2032,0.007,Excluding Ukraine,22970.121507383545,9614.013239992373,France
2033,0.007,Excluding Ukraine,23335.046324233703,9978.938056842531,France
2034,0.007,Excluding Ukraine,23699.97114108387,10343.8628736927,France
2024,0.007142284127583694,Excluding Ukraine,29705.417725594434,-2837.3041043507874,Germany
2025,0.007142284127583694,Excluding Ukraine,30612.965394,-1929.7564359452226,Germany
2026,0.007142284127583694,Excluding Ukraine,31281.648706241504,-1261.073123703718,Germany
2027,0.007142284127583694,Excluding Ukraine,31912.2323551789,-630.4894747663202,Germany
2028,0.007142284127583694,Excluding Ukraine,32553.766805545027,11.044975599805184,Germany
2029,0.007142284127583694,Excluding Ukraine,33210.35860787565,667.6367779304273,Germany
2030,0.007142284127583694,Excluding Ukraine,34500.1957122687,1957.4738823234802,Germany
2031,0.007142284127583694,Excluding Ukraine,35143.09901281342,2600.3771828682,Germany
2032,0.007142284127583694,Excluding Ukraine,35786.002313358134,3243.280483412913,Germany
2033,0.007142284127583694,Excluding Ukraine,36428.90561390285,3886.1837839576256,Germany
2034,0.007142284127583694,Excluding Ukraine,37071.80891444756,4529.087084502338,Germany
2024,0.0028333313988964616,Excluding Ukraine,5759.70598749252,1071.298268108928,Italy
2025,0.0035277761657470513,Excluding Ukraine,7344.937580918858,2656.529861535266,Italy
2026,0.004222220932597641,Excluding Ukraine,8966.620081939835,4278.212362556243,Italy
2027,0.004916665699448231,Excluding Ukraine,10650.227145989391,5961.819426605799,Italy
2028,0.005611110466298821,Excluding Ukraine,12397.585557831912,7709.17783844832,Italy
2029,0.00630555523314941,Excluding Ukraine,14210.56922074659,9522.161501363,Italy
2030,0.007,Excluding Ukraine,16376.2696995166,11687.86198013301,Italy
2031,0.007,Excluding Ukraine,16679.567669110747,11991.159949727156,Italy
2032,0.007,Excluding Ukraine,16982.865638704894,12294.457919321303,Italy
2033,0.007,Excluding Ukraine,17286.16360829904,12597.75588891545,Italy
2034,0.007,Excluding Ukraine,17589.461577893187,12901.053858509596,Italy
2024,0.00625301982764508,Excluding Ukraine,6273.9574941838255,-275.24571002137236,Netherlands
2025,0.006377516523037567,Excluding Ukraine,6540.844703845714,-8.358500359483514,Netherlands
2026,0.006502013218430054,Excluding Ukraine,6803.972000552158,254.7687963469598,Netherlands
2027,0.00662650991382254,Excluding Ukraine,7074.885669433592,525.682465228394,Netherlands
2028,0.006751006609215027,Excluding Ukraine,7357.003882870349,807.8006786651513,Netherlands
2029,0.0068755033046075135,Excluding Ukraine,7646.634629631664,1097.4314254264664,Netherlands
2030,0.007,Excluding Ukraine,8088.123305582777,1538.9201013775792,Netherlands
2031,0.007,Excluding Ukraine,8241.459547628998,1692.2563434238,Netherlands
2032,0.007,Excluding Ukraine,8394.795789675218,1845.59258547002,Netherlands
2033,0.007,Excluding Ukraine,8548.132031721438,1998.9288275162398,Netherlands
2034,0.007,Excluding Ukraine,8701.468273767658,2152.2650695624598,Netherlands
2024,0.0022064779437210693,Excluding Ukraine,564.5775225268118,180.57290199546588,Portugal
2025,0.0030053982864342243,Excluding Ukraine,784.1447898868571,400.1401693555112,Portugal
2026,0.0038043186291473793,Excluding Ukraine,1012.3582265415419,628.353606010196,Portugal
2027,0.004603238971860535,Excluding Ukraine,1249.3960512771175,865.3914307457717,Portugal
2028,0.00540215931457369,Excluding Ukraine,1495.3880317611709,1111.383411229825,Portugal
2029,0.006201079657286845,Excluding Ukraine,1750.769522040757,1366.7649015094112,Portugal
2030,0.007,Excluding Ukraine,2051.2924748214473,1667.2878542901014,Portugal
2031,0.007,Excluding Ukraine,2089.151701210274,1705.1470806789282,Portugal
2032,0.007,Excluding Ukraine,2127.0109275991,1743.006307067754,Portugal
2033,0.007,Excluding Ukraine,2164.8701539879257,1780.86553345658,Portugal
2034,0.007,Excluding Ukraine,2202.7293803767525,1818.7247598454067,Portugal
2024,0.008421752898279435,Excluding Ukraine,4697.41175415176,-366.0508195193952,Sweden
2025,0.008421752898279435,Excluding Ukraine,4807.212625,-256.2499486711549,Sweden
2026,0.008421752898279435,Excluding Ukraine,4903.358605967074,-160.1039677040808,Sweden
2027,0.008421752898279435,Excluding Ukraine,5001.405900715069,-62.056672956086004,Sweden
2028,0.008421752898279435,Excluding Ukraine,5101.440932597664,37.97835892650892,Sweden
2029,0.008421752898279435,Excluding Ukraine,5203.463701614861,140.0011279437058,Sweden
2030,0.008421752898279435,Excluding Ukraine,5401.574836030011,338.11226235885624,Sweden
2031,0.008421752898279435,Excluding Ukraine,5501.609867912607,438.1472942414521,Sweden
2032,0.008421752898279435,Excluding Ukraine,5601.644899795203,538.1823261240479,Sweden
2033,0.008421752898279435,Excluding Ukraine,5701.679931677799,638.2173580066437,Sweden
2034,0.008421752898279435,Excluding Ukraine,5801.714963560395,738.2523898892396,Sweden
2024,0.005011522293040458,Excluding Ukraine,1361.6121584077018,7.086384719078069,Finland
2025,0.005342935244200381,Excluding Ukraine,1480.6929688662856,126.16719517766182,Finland
2026,0.005674348195360305,Excluding Ukraine,1598.6229955308852,244.09722184226143,Finland
2027,0.006005761146520229,Excluding Ukraine,1726.5818885242236,372.05611483559983,Finland
2028,0.006337174097680153,Excluding Ukraine,1859.3527890504529,504.8270153618291,Finland
2029,0.006668587048840076,Excluding Ukraine,1996.207409916048,641.6816362274242,Finland
2030,0.007,Excluding Ukraine,2174.4906954845114,819.9649217958877,Finland
2031,0.007,Excluding Ukraine,2215.596662414754,861.0708887261303,Finland
2032,0.007,Excluding Ukraine,2256.702629344997,902.1768556563734,Finland
2033,0.007,Excluding Ukraine,2297.8085962752402,943.2828225866165,Finland
2034,0.007,Excluding Ukraine,2338.914563205483,984.3887895168591,Finland
2024,0.006340282740123491,Excluding Ukraine,2420.1887155093846,-108.50957685758158,Ireland
2025,0.006450235616769576,Excluding Ukraine,2511.994394540571,-16.70389782639495,Ireland
2026,0.0065601884934156605,Excluding Ukraine,2604.717256073163,76.0189637061967,Ireland
2027,0.006670141370061746,Excluding Ukraine,2700.5892044870975,171.89091212013136,Ireland
2028,0.006780094246707831,Excluding Ukraine,2800.1680644169883,271.46977205002213,Ireland
2029,0.0068900471233539155,Excluding Ukraine,2902.4946870805443,373.79639471357814,Ireland
2030,0.007,Excluding Ukraine,3060.2673963947964,531.5691040278302,Ireland
2031,0.007,Excluding Ukraine,3116.7571600051124,588.0588676381462,Ireland
2032,0.007,Excluding Ukraine,3173.2469236154284,644.5486312484622,Ireland
2033,0.007,Excluding Ukraine,3229.736687225744,701.0383948587778,Ireland
2034,0.007,Excluding Ukraine,3286.22645083606,757.5281584690938,Ireland
2024,0.009346984176978441,Excluding Ukraine,494.20965515922063,-41.122791325944206,Luxembourg
2025,0.009346984176978441,Excluding Ukraine,508.66291600000005,-26.669530485164785,Luxembourg
2026,0.009346984176978441,Excluding Ukraine,518.3088035204554,-17.02364296470944,Luxembourg
2027,0.009346984176978441,Excluding Ukraine,528.8188504555766,-6.513596029588257,Luxembourg
2028,0.009346984176978441,Excluding Ukraine,539.1576225517548,3.825176066589961,Luxembourg
2029,0.009346984176978441,Excluding Ukraine,549.6910251467315,14.35857866156664,Luxembourg
2030,0.009346984176978441,Excluding Ukraine,570.3166678727417,34.984221387576895,Luxembourg
2031,0.009346984176978441,Excluding Ukraine,580.7774084148338,45.44496192966892,Luxembourg
2032,0.009346984176978441,Excluding Ukraine,591.2381489569258,55.90570247176095,Luxembourg
2033,0.009346984176978441,Excluding Ukraine,601.6988894990178,66.36644301385297,Luxembourg
2034,0.009346984176978441,Excluding Ukraine,612.1596300411098,76.827183555945,Luxembourg
2024,0.0009272668769320777,Excluding Ukraine,22.79313212445242,8.518176028550174,Cyprus
2025,0.0013227223974433982,Excluding Ukraine,33.34063513942858,19.06567904352633,Cyprus
2026,0.0017181779179547183,Excluding Ukraine,44.30525975069671,30.030303654794466,Cyprus
2027,0.002113633438466039,Excluding Ukraine,55.74123487196627,41.46627877606402,Cyprus
2028,0.0025090889589773594,Excluding Ukraine,67.51557576056148,53.24061966465923,Cyprus
2029,0.0029045444794886795,Excluding Ukraine,79.72229063867564,65.4473345427734,Cyprus
2030,0.0033,Excluding Ukraine,94.27646308795136,80.00150699204912,Cyprus
2031,0.0033,Excluding Ukraine,96.10383222887951,81.82887613297727,Cyprus
2032,0.0033,Excluding Ukraine,97.93120136980768,83.65624527390544,Cyprus
2033,0.0033,Excluding Ukraine,99.75857051073584,85.4836144148336,Cyprus
2034,0.0033,Excluding Ukraine,101.58593965166399,87.31098355576175,Cyprus
2024,0.0018457274251887968,Excluding Ukraine,398.52624586325487,167.16101380604647,Greece
2025,0.002704772854323997,Excluding Ukraine,598.9665207817143,367.6012887245059,Greece
2026,0.003563818283459198,Excluding Ukraine,805.4265886306969,574.0613565734884,Greece
2027,0.004422863712594398,Excluding Ukraine,1019.7581766851245,788.392944627916,Greece
2028,0.005281909141729599,Excluding Ukraine,1242.4091750708358,1011.0439430136273,Greece
2029,0.0061409545708647996,Excluding Ukraine,1472.5469473618098,1241.1817153046013,Greece
2030,0.007,Excluding Ukraine,1742.8496194964346,1511.484387439226,Greece
2031,0.007,Excluding Ukraine,1775.0267231343232,1543.6614910771148,Greece
2032,0.007,Excluding Ukraine,1807.2038267722126,1575.838594715004,Greece
2033,0.007,Excluding Ukraine,1839.380930410101,1608.0156983528925,Greece
2034,0.007,Excluding Ukraine,1871.55803404799,1640.1928019907816,Greece
2024,0.0026736467127981846,Excluding Ukraine,46.2491621123841,-1.6865030335426852,Malta
2025,0.0027780389273318203,Excluding Ukraine,49.040819949028574,1.1051548031017902,Malta
2026,0.0028824311418654564,Excluding Ukraine,51.928975941665165,3.993310795738381,Malta
2027,0.002986823356399092,Excluding Ukraine,54.872032932566064,6.9363677866392806,Malta
2028,0.003091215570932728,Excluding Ukraine,57.84958025497542,9.913915109048638,Malta
2029,0.0031956077854663643,Excluding Ukraine,60.9243983250385,12.988733179111719,Malta
2030,0.0033,Excluding Ukraine,65.23619637111766,17.300531225190873,Malta
2031,0.0033,Excluding Ukraine,66.39048794890554,18.45482280297876,Malta
2032,0.0033,Excluding Ukraine,67.54477952669342,19.609114380766634,Malta
2033,0.0033,Excluding Ukraine,68.69907110448133,20.76340595855455,Malta
2034,0.0033,Excluding Ukraine,69.8533626822692,21.917697536342423,Malta
2024,0.002733991181414428,Excluding Ukraine,3875.5445680582134,786.250000765026,Spain
2025,0.00344499265117869,Excluding Ukraine,5005.515704152001,1916.2211368588132,Spain
2026,0.004155994120942952,Excluding Ukraine,6132.925921898885,3043.631354605697,Spain
2027,0.004866995590707215,Excluding Ukraine,7305.952468640846,4216.6579013476585,Spain
2028,0.005577997060471476,Excluding Ukraine,8521.991305228046,5432.696737934859,Spain
2029,0.006288998530235739,Excluding Ukraine,9779.875338296355,6690.580771003168,Spain
2030,0.007,Excluding Ukraine,11245.334131993106,8156.039564699919,Spain
2031,0.007,Excluding Ukraine,11430.58841217926,8341.293844886073,Spain
2032,0.007,Excluding Ukraine,11615.842692365411,8526.548125072224,Spain
2033,0.007,Excluding Ukraine,11801.096972551564,8711.802405258377,Spain
2034,0.007,Excluding Ukraine,11986.351252737717,8897.05668544453,Spain
2024,0.002154599457008109,Excluding Ukraine,131.64275623671531,1.7594842899591754,Slovenia
2025,0.0023454995475067574,Excluding Ukraine,146.2864663072,16.403194360443848,Slovenia
2026,0.0025363996380054063,Excluding Ukraine,161.3853612636736,31.50208931691745,Slovenia
2027,0.0027272997285040547,Excluding Ukraine,177.02080559429155,47.137533647535406,Slovenia
2028,0.002918199819002703,Excluding Ukraine,193.33578367216398,63.452511725407845,Slovenia
2029,0.0031090999095013516,Excluding Ukraine,210.22798490156245,80.34471295480631,Slovenia
2030,0.0033,Excluding Ukraine,231.7952587627454,101.91198681598925,Slovenia
2031,0.0033,Excluding Ukraine,236.1834430809022,106.30017113414607,Slovenia
2032,0.0033,Excluding Ukraine,240.57162739905903,110.68835545230289,Slovenia
2033,0.0033,Excluding Ukraine,244.95981171721584,115.0765397704597,Slovenia
2034,0.0033,Excluding Ukraine,249.34799603537263,119.46472408861649,Slovenia
2024,0.0018711565722847397,Excluding Ukraine,122.73984378142964,5.121461570335839,Croatia
2025,0.0021092971435706163,Excluding Ukraine,141.80445906468572,24.186076853591914,Croatia
2026,0.0023474377148564934,Excluding Ukraine,161.67776598096987,44.059383769876064,Croatia
2027,0.00258557828614237,Excluding Ukraine,181.96679473096208,64.34841251986828,Croatia
2028,0.0028237188574282467,Excluding Ukraine,203.0536917377766,85.4353095266828,Croatia
2029,0.0030618594287141233,Excluding Ukraine,224.88849412369717,107.27011191260337,Croatia
2030,0.0033,Excluding Ukraine,252.561036697988,134.94265448689418,Croatia
2031,0.0033,Excluding Ukraine,257.5926516330915,139.97426942199772,Croatia
2032,0.0033,Excluding Ukraine,262.6242665681951,145.00588435710128,Croatia
2033,0.0033,Excluding Ukraine,267.6558815032987,150.0374992922049,Croatia
2034,0.0033,Excluding Ukraine,272.6874964384022,155.0691142273084,Croatia
2024,0.002186586824525227,Excluding Ukraine,644.6746166817344,12.573737050567047,Czechia
2025,0.002372155687104356,Excluding Ukraine,714.5568211828572,82.45594155168988,Czechia
2026,0.0025577245496834844,Excluding Ukraine,785.958308615666,153.8574289844987,Czechia
2027,0.0027432934122626138,Excluding Ukraine,860.2145465594513,228.11366692828392,Czechia
2028,0.002928862274841742,Excluding Ukraine,937.3396535175127,305.23877388634537,Czechia
2029,0.003114431137420871,Excluding Ukraine,1017.1982043018804,385.0973246707131,Czechia
2030,0.0033,Excluding Ukraine,1119.7479034102096,487.64702377904223,Czechia
2031,0.0033,Excluding Ukraine,1140.999825133623,508.8989455024557,Czechia
2032,0.0033,Excluding Ukraine,1162.2517468570363,530.150867225869,Czechia
2033,0.0033,Excluding Ukraine,1183.5036685804496,551.4027889492822,Czechia
2034,0.0033,Excluding Ukraine,1204.7555903038633,572.654710672696,Czechia
2024,0.0012976939109534322,Excluding Ukraine,149.29070669504654,23.95621560518167,Slovakia
2025,0.0016314115924611935,Excluding Ukraine,194.97941211177144,69.64492102190657,Slovakia
2026,0.0019651292739689546,Excluding Ukraine,240.48618616673232,115.15169507686745,Slovakia
2027,0.002298846955476716,Excluding Ukraine,286.82017901168024,161.48568792181538,Slovakia
2028,0.0026325646369844773,Excluding Ukraine,334.8667780646662,209.53228697480137,Slovakia
2029,0.0029662823184922384,Excluding Ukraine,384.76286569936025,259.4283746094954,Slovakia
2030,0.0033,Excluding Ukraine,444.5735757427291,319.2390846528642,Slovakia
2031,0.0033,Excluding Ukraine,452.64248968541386,327.307998595549,Slovakia
2032,0.0033,Excluding Ukraine,460.7114036280986,335.37691253823374,Slovakia
2033,0.0033,Excluding Ukraine,468.78031757078344,343.4458264809186,Slovakia
2034,0.0033,Excluding Ukraine,476.84923151346817,351.5147404236033,Slovakia
2024,0.0017636142466036188,Excluding Ukraine,143.39117466933797,7.213465796122335,Bulgaria
2025,0.0020196785388363492,Excluding Ukraine,169.96968285714289,33.79197398392725,Bulgaria
2026,0.0022757428310690793,Excluding Ukraine,196.23441511914467,60.056706245929036,Bulgaria
2027,0.0025318071233018094,Excluding Ukraine,223.35664085768087,87.17893198446524,Bulgaria
2028,0.0027878714155345394,Excluding Ukraine,251.36689891298323,115.1891900397676,Bulgaria
2029,0.0030439357077672695,Excluding Ukraine,280.5312323483239,144.35352347510826,Bulgaria
2030,0.0033,Excluding Ukraine,317.26387478260864,181.086165909393,Bulgaria
2031,0.0033,Excluding Ukraine,323.789036521739,187.61132764852334,Bulgaria
2032,0.0033,Excluding Ukraine,330.31419826086943,194.1364893876538,Bulgaria
2033,0.0033,Excluding Ukraine,336.8393599999999,200.66165112678425,Bulgaria
2034,0.0033,Excluding Ukraine,343.3645217391303,207.18681286591465,Bulgaria
2024,0.0013881155805668048,Excluding Ukraine,251.84496660075067,33.4374827959129,Hungary
2025,0.0017067629838056707,Excluding Ukraine,323.51918814080005,105.11170433596229,Hungary
2026,0.0020254103870445362,Excluding Ukraine,395.7294497354241,177.32196593058634,Hungary
2027,0.002344057790283402,Excluding Ukraine,471.5982845951644,253.19080079032662,Hungary
2028,0.002662705193522268,Excluding Ukraine,551.319999444396,332.91251563955825,Hungary
2029,0.002981352596761134,Excluding Ukraine,635.0072264080223,416.5997426031846,Hungary
2030,0.0033,Excluding Ukraine,741.4999861476763,523.0925023428385,Hungary
2031,0.0033,Excluding Ukraine,760.8716938078522,542.4642100030145,Hungary
2032,0.0033,Excluding Ukraine,780.2434014680282,561.8359176631905,Hungary
2033,0.0033,Excluding Ukraine,799.6151091282042,581.2076253233664,Hungary
2034,0.0033,Excluding Ukraine,818.9868167883802,600.5793329835425,Hungary
2024,0.002685452730124697,Excluding Ukraine,1838.7859503606066,-176.92782705662603,Poland
2025,0.002787877275103914,Excluding Ukraine,1995.048582784457,-20.665194632775638,Poland
2026,0.0028903018200831312,Excluding Ukraine,2135.286356653268,119.57257923603515,Poland
2027,0.002992726365062348,Excluding Ukraine,2266.6315627079684,250.91778529073576,Poland
2028,0.0030951509100415656,Excluding Ukraine,2403.068623286468,387.35484586923553,Poland
2029,0.0031975754550207826,Excluding Ukraine,2544.709994286407,528.9962168691743,Poland
2030,0.0033,Excluding Ukraine,2755.8359110116817,740.122133594449,Poland
2031,0.0033,Excluding Ukraine,2818.5893603532922,802.8755829360596,Poland
2032,0.0033,Excluding Ukraine,2881.342809694903,865.6290322776701,Poland
2033,0.0033,Excluding Ukraine,2944.096259036514,928.3824816192812,Poland
2034,0.0033,Excluding Ukraine,3006.8497083781244,991.1359309608918,Poland
2024,0.0015703234854066528,Excluding Ukraine,477.65825342885637,43.695211183723984,Romania
2025,0.0018586029045055438,Excluding Ukraine,580.8868884902856,146.92384624515324,Romania
2026,0.002146882323604435,Excluding Ukraine,690.1406903473099,256.17764810217756,Romania
2027,0.0024351617427033263,Excluding Ukraine,806.322256154481,372.3592139093486,Romania
2028,0.0027234411618022175,Excluding Ukraine,926.6462202398199,492.68317799468747,Romania
2029,0.0030117205809011083,Excluding Ukraine,1051.5103526873938,617.5473104422615,Romania
2030,0.0033,Excluding Ukraine,1213.085054038786,779.1220117936537,Romania
2031,0.0033,Excluding Ukraine,1243.5304096955042,809.5673674503719,Romania
2032,0.0033,Excluding Ukraine,1273.9757653522227,840.0127231070903,Romania
2033,0.0033,Excluding Ukraine,1304.4211210089406,870.4580787638083,Romania
2034,0.0033,Excluding Ukraine,1334.866476665659,900.9034344205268,Romania
2024,0.0023898626364246616,Excluding Ukraine,85.22644563476739,-5.542721910637823,Estonia
2025,0.0025415521970205517,Excluding Ukraine,93.18692788914285,2.4177603437376405,Estonia
2026,0.0026932417576164412,Excluding Ukraine,101.6515420108987,10.882374465493484,Estonia
2027,0.002844931318212331,Excluding Ukraine,110.61533797190373,19.846170426498517,Estonia
2028,0.002996620878808221,Excluding Ukraine,120.05131612294541,29.282148577540198,Estonia
2029,0.0031483104394041104,Excluding Ukraine,129.95181084260926,39.18264329720405,Estonia
2030,0.0033,Excluding Ukraine,143.8364486376413,53.06728109223609,Estonia
2031,0.0033,Excluding Ukraine,147.72328782489677,56.95412027949156,Estonia
2032,0.0033,Excluding Ukraine,151.61012701215225,60.84095946674704,Estonia
2033,0.0033,Excluding Ukraine,155.4969661994077,64.72779865400248,Estonia
2034,0.0033,Excluding Ukraine,159.38380538666314,68.61463784125793,Estonia
2024,0.002834338843148915,Excluding Ukraine,107.23717718876287,-9.116459191786248,Latvia
2025,0.0029119490359574294,Excluding Ukraine,114.72118826902856,-1.63244811152056,Latvia
2026,0.0029895592287659434,Excluding Ukraine,120.95010256613526,4.596466185586138,Latvia
2027,0.0030671694215744574,Excluding Ukraine,127.40638435605449,11.052747975505369,Latvia
2028,0.0031447796143829715,Excluding Ukraine,134.07501048745118,17.72137410690206,Latvia
2029,0.003222389807191486,Excluding Ukraine,141.05641179808717,24.70277541753805,Latvia
2030,0.0033,Excluding Ukraine,151.66288589106583,35.30924951051671,Latvia
2031,0.0033,Excluding Ukraine,155.31086846196652,38.9572320814174,Latvia
2032,0.0033,Excluding Ukraine,158.95885103286722,42.6052146523181,Latvia
2033,0.0033,Excluding Ukraine,162.60683360376788,46.25319722321876,Latvia
2034,0.0033,Excluding Ukraine,166.25481617466858,49.90117979411946,Latvia
2024,0.0018423578651520127,Excluding Ukraine,112.65148223053377,7.947731278606199,Lithuania
2025,0.0020852982209600105,Excluding Ukraine,130.4942693876571,25.79051843572954,Lithuania
2026,0.002328238576768008,Excluding Ukraine,149.04423571885704,44.340484766929464,Lithuania
2027,0.0025711789325760064,Excluding Ukraine,168.44167279471148,63.737921842783905,Lithuania
2028,0.0028141192883840045,Excluding Ukraine,188.59111596978804,83.88736501786046,Lithuania
2029,0.003057059644192002,Excluding Ukraine,209.52425423743648,104.8205032855089,Lithuania
2030,0.0033,Excluding Ukraine,236.03060192505976,131.3268509731322,Lithuania
2031,0.0033,Excluding Ukraine,241.00475679392335,136.3010058419958,Lithuania
2032,0.0033,Excluding Ukraine,245.97891166278689,141.27516071085932,Lithuania
2033,0.0033,Excluding Ukraine,250.95306653165048,146.24931557972292,Lithuania
2034,0.0033,Excluding Ukraine,255.92722140051401,151.22347044858645,Lithuania
2024,0.003408049908136777,Excluding Ukraine and IDRC,1571.7294594350408,151.36081349817914,Austria
2025,0.004006708256780647,Excluding Ukraine and IDRC,1897.7693533051429,477.40070736828125,Austria
2026,0.004605366605424518,Excluding Ukraine and IDRC,2228.502828034612,808.1341820977502,Austria
2027,0.005204024954068388,Excluding Ukraine and IDRC,2571.2845080401185,1150.9158621032568,Austria
2028,0.005802683302712259,Excluding Ukraine and IDRC,2925.75585227151,1505.3872063346482,Austria
2029,0.00640134165135613,Excluding Ukraine and IDRC,3295.28190577993,1874.9132598430685,Austria
2030,0.007,Excluding Ukraine and IDRC,3746.8347660606855,2326.466120123824,Austria
2031,0.007,Excluding Ukraine and IDRC,3818.905089120444,2398.5364431835824,Austria
2032,0.007,Excluding Ukraine and IDRC,3890.975412180203,2470.6067662433416,Austria
2033,0.007,Excluding Ukraine and IDRC,3963.045735239961,2542.677089303099,Austria
2034,0.007,Excluding Ukraine and IDRC,4035.11605829972,2614.747412362858,Austria
2024,0.0038413031625623914,Excluding Ukraine and IDRC,2242.7786204405693,166.49195865315596,Belgium
2025,0.004367752635468659,Excluding Ukraine and IDRC,2601.3723071714285,525.0856453840152,Belgium
2026,0.004894202108374927,Excluding Ukraine and IDRC,2969.011360284171,892.7246984967578,Belgium
2027,0.005420651581281195,Excluding Ukraine and IDRC,3350.5765533683098,1274.2898915808964,Belgium
2028,0.005947101054187463,Excluding Ukraine and IDRC,3748.481783809873,1672.1951220224596,Belgium
2029,0.006473550527093732,Excluding Ukraine and IDRC,4159.935791585805,2083.649129798392,Belgium
2030,0.007,Excluding Ukraine and IDRC,4663.165408628162,2586.878746840749,Belgium
2031,0.007,Excluding Ukraine and IDRC,4747.087220939284,2670.8005591518704,Belgium
2032,0.007,Excluding Ukraine and IDRC,4831.009033250406,2754.7223714629927,Belgium
2033,0.007,Excluding Ukraine and IDRC,4914.930845561528,2838.644183774115,Belgium
2034,0.007,Excluding Ukraine and IDRC,4998.8526578726505,2922.565996085237,Belgium
2024,0.006112405608145899,Excluding Ukraine and IDRC,2302.8084539571755,-19.22725969506564,Denmark
2025,0.0062603380067882495,Excluding Ukraine and IDRC,2405.444259664,83.40854601175897,Denmark
2026,0.0064082704054305994,Excluding Ukraine and IDRC,2511.4245109747853,189.38879732254418,Denmark
2027,0.006556202804072949,Excluding Ukraine and IDRC,2622.2489867620006,300.2132731097595,Denmark
2028,0.006704135202715299,Excluding Ukraine and IDRC,2738.260576726025,416.22486307378404,Denmark
2029,0.00685206760135765,Excluding Ukraine and IDRC,2858.3527494658783,536.3170358136372,Denmark
2030,0.007,Excluding Ukraine and IDRC,3035.460855684199,713.4251420319579,Denmark
2031,0.007,Excluding Ukraine and IDRC,3094.3733658957144,772.3376522434733,Denmark
2032,0.007,Excluding Ukraine and IDRC,3153.2858761072293,831.2501624549882,Denmark
2033,0.007,Excluding Ukraine and IDRC,3212.1983863187443,890.1626726665031,Denmark
2034,0.007,Excluding Ukraine and IDRC,3271.1108965302597,949.0751828780185,Denmark
2024,0.0044654822241912105,Excluding Ukraine and IDRC,12525.479431025182,403.98489692940893,France
2025,0.004887901853492676,Excluding Ukraine and IDRC,13981.334890571428,1859.8403564756554,France
2026,0.00531032148279414,Excluding Ukraine and IDRC,15480.841816423848,3359.3472823280754,France
2027,0.005732741112095606,Excluding Ukraine and IDRC,17013.315948661806,4891.821414566033,France
2028,0.00615516074139707,Excluding Ukraine and IDRC,18592.566970049756,6471.072435953984,France
2029,0.006577580370698536,Excluding Ukraine and IDRC,20203.910458076905,8082.415923981132,France
2030,0.007,Excluding Ukraine and IDRC,22240.271873683218,10118.777339587445,France
2031,0.007,Excluding Ukraine and IDRC,22605.196690533383,10483.70215643761,France
2032,0.007,Excluding Ukraine and IDRC,22970.121507383545,10848.626973287772,France
2033,0.007,Excluding Ukraine and IDRC,23335.046324233703,11213.55179013793,France
2034,0.007,Excluding Ukraine and IDRC,23699.97114108387,11578.476606988099,France
2024,0.005810714539787922,Excluding Ukraine and IDRC,24167.297128654136,-1405.1993800569326,Germany
2025,0.006008928783156601,Excluding Ukraine and IDRC,25755.224184285715,182.72767557464613,Germany
2026,0.006207143026525281,Excluding Ukraine and IDRC,27185.93438130976,1613.4378725986899,Germany
2027,0.006405357269893961,Excluding Ukraine and IDRC,28619.590856845978,3047.0943481349095,Germany
2028,0.006603571513262641,Excluding Ukraine and IDRC,30098.37235349792,4525.875844786853,Germany
2029,0.00680178575663132,Excluding Ukraine and IDRC,31627.101374933358,6054.604866222289,Germany
2030,0.007,Excluding Ukraine and IDRC,33812.90434151116,8240.40783280009,Germany
2031,0.007,Excluding Ukraine and IDRC,34443.00012367595,8870.50361496488,Germany
2032,0.007,Excluding Ukraine and IDRC,35073.09590584074,9500.59939712967,Germany
2033,0.007,Excluding Ukraine and IDRC,35703.19168800552,10130.695179294453,Germany
2034,0.007,Excluding Ukraine and IDRC,36333.28747017031,10760.790961459243,Germany
2024,0.002220596602888286,Excluding Ukraine and IDRC,4514.1149229640805,1392.6637010630807,Italy
2025,0.0030171638357402385,Excluding Ukraine and IDRC,6281.827135204572,3160.3759133035724,Italy
2026,0.003813731068592191,Excluding Ukraine and IDRC,8099.120849585195,4977.669627684196,Italy
2027,0.004610298301444144,Excluding Ukraine and IDRC,9986.58992142978,6865.138699528781,Italy
2028,0.0054068655342960955,Excluding Ukraine and IDRC,11946.31231442211,8824.86109252111,Italy
2029,0.006203432767148048,Excluding Ukraine and IDRC,13980.420039834435,10858.968817933435,Italy
2030,0.007,Excluding Ukraine and IDRC,16376.2696995166,13254.818477615601,Italy
2031,0.007,Excluding Ukraine and IDRC,16679.567669110747,13558.116447209748,Italy
2032,0.007,Excluding Ukraine and IDRC,16982.865638704894,13861.414416803895,Italy
2033,0.007,Excluding Ukraine and IDRC,17286.16360829904,14164.712386398041,Italy
2034,0.007,Excluding Ukraine and IDRC,17589.461577893187,14468.010355992188,Italy
2024,0.005245153262494338,Excluding Ukraine and IDRC,5262.716179769794,-29.929243488359134,Netherlands
2025,0.005537627718745281,Excluding Ukraine and IDRC,5679.44634956,386.80092630184754,Netherlands
2026,0.005830102174996225,Excluding Ukraine and IDRC,6100.856861778354,808.2114385202012,Netherlands
2027,0.0061225766312471685,Excluding Ukraine and IDRC,6536.8542764968415,1244.2088532386888,Netherlands
2028,0.006415051087498113,Excluding Ukraine and IDRC,6990.891653862998,1698.2462306048456,Netherlands
2029,0.006707525543749057,Excluding Ukraine and IDRC,7459.81709696791,2167.1716737097577,Netherlands
2030,0.007,Excluding Ukraine and IDRC,8088.123305582777,2795.4778823246243,Netherlands
2031,0.007,Excluding Ukraine and IDRC,8241.459547628998,2948.814124370845,Netherlands
2032,0.007,Excluding Ukraine and IDRC,8394.795789675218,3102.150366417065,Netherlands
2033,0.007,Excluding Ukraine and IDRC,8548.132031721438,3255.486608463285,Netherlands
2034,0.007,Excluding Ukraine and IDRC,8701.468273767658,3408.822850509505,Netherlands
2024,0.002179013219966213,Excluding Ukraine and IDRC,557.5500488380196,182.28705585019395,Portugal
2025,0.0029825110166385106,Excluding Ukraine and IDRC,778.1732241725714,402.9102311847457,Portugal
2026,0.0037860088133108085,Excluding Ukraine and IDRC,1007.4858447839794,632.2228517961537,Portugal
2027,0.004589506609983106,Excluding Ukraine and IDRC,1245.66885857449,870.4058655866644,Portugal
2028,0.005393004406655404,Excluding Ukraine and IDRC,1492.8538340569403,1117.5908410691145,Portugal
2029,0.0061965022033277015,Excluding Ukraine and IDRC,1749.4771556589133,1374.2141626710877,Portugal
2030,0.007,Excluding Ukraine and IDRC,2051.2924748214473,1676.0294818336215,Portugal
2031,0.007,Excluding Ukraine and IDRC,2089.151701210274,1713.8887082224483,Portugal
2032,0.007,Excluding Ukraine and IDRC,2127.0109275991,1751.747934611274,Portugal
2033,0.007,Excluding Ukraine and IDRC,2164.8701539879257,1789.6071610001,Portugal
2034,0.007,Excluding Ukraine and IDRC,2202.7293803767525,1827.4663873889267,Portugal
2024,0.008010719178446951,Excluding Ukraine and IDRC,4468.148956939045,-348.1852715969999,Sweden
2025,0.008010719178446951,Excluding Ukraine and IDRC,4572.590864999999,-243.74336353604576,Sweden
2026,0.008010719178446951,Excluding Ukraine and IDRC,4664.044326407171,-152.28990212887402,Sweden
2027,0.008010719178446951,Excluding Ukraine and IDRC,4757.306305702844,-59.027922833201046,Sweden
2028,0.008010719178446951,Excluding Ukraine and IDRC,4852.459008245585,36.124779709540235,Sweden
2029,0.008010719178446951,Excluding Ukraine and IDRC,4949.5024340353975,133.16820549935255,Sweden
2030,0.008010719178446951,Excluding Ukraine and IDRC,5137.944517660002,321.61028912395705,Sweden
2031,0.008010719178446951,Excluding Ukraine and IDRC,5233.097220202745,416.76299166670015,Sweden
2032,0.008010719178446951,Excluding Ukraine and IDRC,5328.249922745487,511.91569420944234,Sweden
2033,0.008010719178446951,Excluding Ukraine and IDRC,5423.4026252882295,607.0683967521845,Sweden
2034,0.008010719178446951,Excluding Ukraine and IDRC,5518.555327830972,702.2210992949267,Sweden
2024,0.004297870308391212,Excluding Ukraine and IDRC,1167.715541302031,54.160635039094586,Finland
2025,0.004748225256992677,Excluding Ukraine and IDRC,1315.8803974377145,202.3254911747781,Finland
2026,0.005198580205594142,Excluding Ukraine and IDRC,1464.585812264694,351.03090600175756,Finland
2027,0.005648935154195607,Excluding Ukraine and IDRC,1623.9988385707065,510.4439323077702,Finland
2028,0.0060992901027970715,Excluding Ukraine and IDRC,1789.556652391017,676.0017461280806,Finland
2029,0.006549645051398535,Excluding Ukraine and IDRC,1960.602731608022,847.0478253450856,Finland
2030,0.007,Excluding Ukraine and IDRC,2174.4906954845114,1060.935789221575,Finland
2031,0.007,Excluding Ukraine and IDRC,2215.596662414754,1102.0417561518177,Finland
2032,0.007,Excluding Ukraine and IDRC,2256.702629344997,1143.1477230820608,Finland
2033,0.007,Excluding Ukraine and IDRC,2297.8085962752402,1184.2536900123039,Finland
2034,0.007,Excluding Ukraine and IDRC,2338.914563205483,1225.3596569425465,Finland
2024,0.00334169537501996,Excluding Ukraine and IDRC,1275.579302814449,166.75391206001382,Ireland
2025,0.0039514128125166335,Excluding Ukraine and IDRC,1538.8471716834283,430.02178092899317,Ireland
2026,0.004561130250013307,Excluding Ukraine and IDRC,1810.9928824958538,702.1674917414186,Ireland
2027,0.0051708476875099805,Excluding Ukraine and IDRC,2093.5591418817644,984.7337511273292,Ireland
2028,0.005780565125006654,Excluding Ukraine and IDRC,2387.36413807018,1278.538747315745,Ireland
2029,0.006390282562503327,Excluding Ukraine and IDRC,2691.964344299104,1583.138953544669,Ireland
2030,0.007,Excluding Ukraine and IDRC,3060.2673963947964,1951.4420056403612,Ireland
2031,0.007,Excluding Ukraine and IDRC,3116.7571600051124,2007.9317692506772,Ireland
2032,0.007,Excluding Ukraine and IDRC,3173.2469236154284,2064.4215328609935,Ireland
2033,0.007,Excluding Ukraine and IDRC,3229.736687225744,2120.9112964713086,Ireland
2034,0.007,Excluding Ukraine and IDRC,3286.22645083606,2177.4010600816246,Ireland
2024,0.009346984176978441,Excluding Ukraine and IDRC,494.20965515922063,-41.122791325944206,Luxembourg
2025,0.009346984176978441,Excluding Ukraine and IDRC,508.66291600000005,-26.669530485164785,Luxembourg
2026,0.009346984176978441,Excluding Ukraine and IDRC,518.3088035204554,-17.02364296470944,Luxembourg
2027,0.009346984176978441,Excluding Ukraine and IDRC,528.8188504555766,-6.513596029588257,Luxembourg
2028,0.009346984176978441,Excluding Ukraine and IDRC,539.1576225517548,3.825176066589961,Luxembourg
2029,0.009346984176978441,Excluding Ukraine and IDRC,549.6910251467315,14.35857866156664,Luxembourg
2030,0.009346984176978441,Excluding Ukraine and IDRC,570.3166678727417,34.984221387576895,Luxembourg
2031,0.009346984176978441,Excluding Ukraine and IDRC,580.7774084148338,45.44496192966892,Luxembourg
2032,0.009346984176978441,Excluding Ukraine and IDRC,591.2381489569258,55.90570247176095,Luxembourg
2033,0.009346984176978441,Excluding Ukraine and IDRC,601.6988894990178,66.36644301385297,Luxembourg
2034,0.009346984176978441,Excluding Ukraine and IDRC,612.1596300411098,76.827183555945,Luxembourg
2024,0.0009272668769320777,Excluding Ukraine and IDRC,22.79313212445242,8.518176028550174,Cyprus
2025,0.0013227223974433982,Excluding Ukraine and IDRC,33.34063513942858,19.06567904352633,Cyprus
2026,0.0017181779179547183,Excluding Ukraine and IDRC,44.30525975069671,30.030303654794466,Cyprus
2027,0.002113633438466039,Excluding Ukraine and IDRC,55.74123487196627,41.46627877606402,Cyprus
2028,0.0025090889589773594,Excluding Ukraine and IDRC,67.51557576056148,53.24061966465923,Cyprus
2029,0.0029045444794886795,Excluding Ukraine and IDRC,79.72229063867564,65.4473345427734,Cyprus
2030,0.0033,Excluding Ukraine and IDRC,94.27646308795136,80.00150699204912,Cyprus
2031,0.0033,Excluding Ukraine and IDRC,96.10383222887951,81.82887613297727,Cyprus
2032,0.0033,Excluding Ukraine and IDRC,97.93120136980768,83.65624527390544,Cyprus
2033,0.0033,Excluding Ukraine and IDRC,99.75857051073584,85.4836144148336,Cyprus
2034,0.0033,Excluding Ukraine and IDRC,101.58593965166399,87.31098355576175,Cyprus
2024,0.0018457274251887968,Excluding Ukraine and IDRC,398.52624586325487,167.16101380604647,Greece
2025,0.002704772854323997,Excluding Ukraine and IDRC,598.9665207817143,367.6012887245059,Greece
2026,0.003563818283459198,Excluding Ukraine and IDRC,805.4265886306969,574.0613565734884,Greece
2027,0.004422863712594398,Excluding Ukraine and IDRC,1019.7581766851245,788.392944627916,Greece
2028,0.005281909141729599,Excluding Ukraine and IDRC,1242.4091750708358,1011.0439430136273,Greece
2029,0.0061409545708647996,Excluding Ukraine and IDRC,1472.5469473618098,1241.1817153046013,Greece
2030,0.007,Excluding Ukraine and IDRC,1742.8496194964346,1511.484387439226,Greece
2031,0.007,Excluding Ukraine and IDRC,1775.0267231343232,1543.6614910771148,Greece
2032,0.007,Excluding Ukraine and IDRC,1807.2038267722126,1575.838594715004,Greece
2033,0.007,Excluding Ukraine and IDRC,1839.380930410101,1608.0156983528925,Greece
2034,0.007,Excluding Ukraine and IDRC,1871.55803404799,1640.1928019907816,Greece
2024,0.0006561257579490284,Excluding Ukraine and IDRC,11.34976674376577,7.329464522055275,Malta
2025,0.0010967714649575237,Excluding Ukraine and IDRC,19.36134566331429,15.341043441603794,Malta
2026,0.0015374171719660188,Excluding Ukraine and IDRC,27.69762586025128,23.677323638540784,Malta
2027,0.0019780628789745143,Excluding Ukraine and IDRC,36.33972233585048,32.31942011413999,Malta
2028,0.0024187085859830094,Excluding Ukraine and IDRC,45.26416008444311,41.24385786273262,Malta
2029,0.0028593542929915045,Excluding Ukraine and IDRC,54.51371119162548,50.49340896991499,Malta
2030,0.0033,Excluding Ukraine and IDRC,65.23619637111766,61.21589414940716,Malta
2031,0.0033,Excluding Ukraine and IDRC,66.39048794890554,62.37018572719505,Malta
2032,0.0033,Excluding Ukraine and IDRC,67.54477952669342,63.52447730498292,Malta
2033,0.0033,Excluding Ukraine and IDRC,68.69907110448133,64.67876888277084,Malta
2034,0.0033,Excluding Ukraine and IDRC,69.8533626822692,65.83306046055871,Malta
2024,0.0025750812029025185,Excluding Ukraine and IDRC,3650.283159675227,844.1040652675902,Spain
2025,0.003312567669085432,Excluding Ukraine and IDRC,4813.104458437715,2006.925364030078,Spain
2026,0.004050054135268346,Excluding Ukraine and IDRC,5976.592186719785,3170.413092312148,Spain
2027,0.004787540601451259,Excluding Ukraine and IDRC,7186.680863791082,4380.501769383445,Spain
2028,0.005525027067634173,Excluding Ukraine and IDRC,8441.064439633868,5634.885345226232,Spain
2029,0.006262513533817087,Excluding Ukraine and IDRC,9738.689136381321,6932.510041973685,Spain
2030,0.007,Excluding Ukraine and IDRC,11245.334131993106,8439.15503758547,Spain
2031,0.007,Excluding Ukraine and IDRC,11430.58841217926,8624.409317771624,Spain
2032,0.007,Excluding Ukraine and IDRC,11615.842692365411,8809.663597957775,Spain
2033,0.007,Excluding Ukraine and IDRC,11801.096972551564,8994.917878143928,Spain
2034,0.007,Excluding Ukraine and IDRC,11986.351252737717,9180.17215833008,Spain
2024,0.001926589047583052,Excluding Ukraine and IDRC,117.71166633054001,5.423005999139363,Slovenia
2025,0.0021554908729858767,Excluding Ukraine and IDRC,134.43581487862858,22.147154547227927,Slovenia
2026,0.002384392698388701,Excluding Ukraine and IDRC,151.7135041568342,39.424843825433555,Slovenia
2027,0.002613294523791526,Excluding Ukraine and IDRC,169.62107135561163,57.332411024210984,Slovenia
2028,0.0028421963491943505,Excluding Ukraine and IDRC,188.3004223848676,76.01176205346695,Slovenia
2029,0.0030710981745971752,Excluding Ukraine and IDRC,207.65842188197146,95.36976155057081,Slovenia
2030,0.0033,Excluding Ukraine and IDRC,231.7952587627454,119.50659843134474,Slovenia
2031,0.0033,Excluding Ukraine and IDRC,236.1834430809022,123.89478274950156,Slovenia
2032,0.0033,Excluding Ukraine and IDRC,240.57162739905903,128.28296706765838,Slovenia
2033,0.0033,Excluding Ukraine and IDRC,244.95981171721584,132.6711513858152,Slovenia
2034,0.0033,Excluding Ukraine and IDRC,249.34799603537263,137.05933570397198,Slovenia
2024,0.0017422814559276852,Excluding Ukraine and IDRC,114.28618902945769,7.4971127148748735,Croatia
2025,0.002001901213273071,Excluding Ukraine and IDRC,134.5844133504,27.795337035817198,Croatia
2026,0.0022615209706184566,Excluding Ukraine and IDRC,155.7603236646725,48.9712473500897,Croatia
2027,0.0025211407279638427,Excluding Ukraine and IDRC,177.4318340280198,70.64275771343699,Croatia
2028,0.0027807604853092283,Excluding Ukraine and IDRC,199.96455415353552,93.1754778389527,Croatia
2029,0.003040380242654614,Excluding Ukraine and IDRC,223.3108835506493,116.52180723606648,Croatia
2030,0.0033,Excluding Ukraine and IDRC,252.561036697988,145.77196038340517,Croatia
2031,0.0033,Excluding Ukraine and IDRC,257.5926516330915,150.8035753185087,Croatia
2032,0.0033,Excluding Ukraine and IDRC,262.6242665681951,155.83519025361227,Croatia
2033,0.0033,Excluding Ukraine and IDRC,267.6558815032987,160.8668051887159,Croatia
2034,0.0033,Excluding Ukraine and IDRC,272.6874964384022,165.8984201238194,Croatia
2024,0.0010915567659343295,Excluding Ukraine and IDRC,321.82529034394116,93.28452652610378,Czechia
2025,0.0014596306382786079,Excluding Ukraine and IDRC,439.67983832571434,211.13907450787696,Czechia
2026,0.0018277045106228863,Excluding Ukraine and IDRC,561.6318402996728,333.09107648183544,Czechia
2027,0.0021957783829671647,Excluding Ukraine and IDRC,688.5302525810635,459.98948876322606,Czechia
2028,0.002563852255311443,Excluding Ukraine and IDRC,820.5235204491054,591.982756631268,Czechia
2029,0.0029319261276557216,Excluding Ukraine and IDRC,957.5906034213732,729.0498396035358,Czechia
2030,0.0033,Excluding Ukraine and IDRC,1119.7479034102096,891.2071395923722,Czechia
2031,0.0033,Excluding Ukraine and IDRC,1140.999825133623,912.4590613157857,Czechia
2032,0.0033,Excluding Ukraine and IDRC,1162.2517468570363,933.7109830391989,Czechia
2033,0.0033,Excluding Ukraine and IDRC,1183.5036685804496,954.9629047626122,Czechia
2034,0.0033,Excluding Ukraine and IDRC,1204.7555903038633,976.2148264860259,Czechia
2024,0.00128655134789465,Excluding Ukraine and IDRC,148.0088319020782,24.36453330075736,Slovakia
2025,0.0016221261232455416,Excluding Ukraine and IDRC,193.86965211177142,70.22535351045056,Slovakia
2026,0.001957700898596433,Excluding Ukraine and IDRC,239.5771255332074,115.93282693188655,Slovakia
2027,0.002293275673947325,Excluding Ukraine and IDRC,286.12506707228926,162.4807684709684,Slovakia
2028,0.002628850449298217,Excluding Ukraine and IDRC,334.3943269627437,210.75002836142286,Slovakia
2029,0.002964425224649108,Excluding Ukraine and IDRC,384.5219780587938,260.87767945747294,Slovakia
2030,0.0033,Excluding Ukraine and IDRC,444.5735757427291,320.9292771414082,Slovakia
2031,0.0033,Excluding Ukraine and IDRC,452.64248968541386,328.99819108409304,Slovakia
2032,0.0033,Excluding Ukraine and IDRC,460.7114036280986,337.06710502677777,Slovakia
2033,0.0033,Excluding Ukraine and IDRC,468.78031757078344,345.1360189694626,Slovakia
2034,0.0033,Excluding Ukraine and IDRC,476.84923151346817,353.20493291214734,Slovakia
2024,0.0015376487834952988,Excluding Ukraine and IDRC,125.01898627711903,12.654773901918404,Bulgaria
2025,0.0018313739862460825,Excluding Ukraine and IDRC,154.1225742857143,41.758361910513685,Bulgaria
2026,0.002125099188996866,Excluding Ukraine and IDRC,183.24460511518592,70.8803927399853,Bulgaria
2027,0.0024188243917476495,Excluding Ukraine and IDRC,213.3892767711339,101.02506439593327,Bulgaria
2028,0.002712549594498433,Excluding Ukraine and IDRC,244.57554818252117,132.21133580732055,Bulgaria
2029,0.003006274797249217,Excluding Ukraine and IDRC,277.0603766360859,164.69616426088527,Bulgaria
2030,0.0033,Excluding Ukraine and IDRC,317.26387478260864,204.89966240740802,Bulgaria
2031,0.0033,Excluding Ukraine and IDRC,323.789036521739,211.42482414653836,Bulgaria
2032,0.0033,Excluding Ukraine and IDRC,330.31419826086943,217.9499858856688,Bulgaria
2033,0.0033,Excluding Ukraine and IDRC,336.8393599999999,224.47514762479926,Bulgaria
2034,0.0033,Excluding Ukraine and IDRC,343.3645217391303,231.00030936392966,Bulgaria
2024,0.0013881155805668048,Excluding Ukraine and IDRC,251.84496660075067,33.4374827959129,Hungary
2025,0.0017067629838056707,Excluding Ukraine and IDRC,323.51918814080005,105.11170433596229,Hungary
2026,0.0020254103870445362,Excluding Ukraine and IDRC,395.7294497354241,177.32196593058634,Hungary
2027,0.002344057790283402,Excluding Ukraine and IDRC,471.5982845951644,253.19080079032662,Hungary
2028,0.002662705193522268,Excluding Ukraine and IDRC,551.319999444396,332.91251563955825,Hungary
2029,0.002981352596761134,Excluding Ukraine and IDRC,635.0072264080223,416.5997426031846,Hungary
2030,0.0033,Excluding Ukraine and IDRC,741.4999861476763,523.0925023428385,Hungary
2031,0.0033,Excluding Ukraine and IDRC,760.8716938078522,542.4642100030145,Hungary
2032,0.0033,Excluding Ukraine and IDRC,780.2434014680282,561.8359176631905,Hungary
2033,0.0033,Excluding Ukraine and IDRC,799.6151091282042,581.2076253233664,Hungary
2034,0.0033,Excluding Ukraine and IDRC,818.9868167883802,600.5793329835425,Hungary
2024,0.0018422068696016336,Excluding Ukraine and IDRC,1261.3977790344445,13.400240001617703,Poland
2025,0.002085172391334695,Excluding Ukraine and IDRC,1492.1819770701713,244.18443803734453,Poland
2026,0.002328137913067756,Excluding Ukraine and IDRC,1719.973010305826,471.97547127299913,Poland
2027,0.002571103434800817,Excluding Ukraine and IDRC,1947.302721805971,699.3051827731442,Poland
2028,0.0028140689565338776,Excluding Ukraine and IDRC,2184.837188801317,936.8396497684903,Poland
2029,0.003057034478266939,Excluding Ukraine and IDRC,2432.8639930948716,1184.8664540620448,Poland
2030,0.0033,Excluding Ukraine and IDRC,2755.8359110116817,1507.8383719788549,Poland
2031,0.0033,Excluding Ukraine and IDRC,2818.5893603532922,1570.5918213204654,Poland
2032,0.0033,Excluding Ukraine and IDRC,2881.342809694903,1633.345270662076,Poland
2033,0.0033,Excluding Ukraine and IDRC,2944.096259036514,1696.098720003687,Poland
2034,0.0033,Excluding Ukraine and IDRC,3006.8497083781244,1758.8521693452976,Poland
2024,0.0012856775203249238,Excluding Ukraine and IDRC,391.07514122933355,69.52123601669149,Romania
2025,0.0016213979336041032,Excluding Ukraine and IDRC,506.75095706171425,185.19705184907218,Romania
2026,0.0019571183468832824,Excluding Ukraine and IDRC,629.1388177912446,307.58491257860254,Romania
2027,0.002292838760162462,Excluding Ukraine and IDRC,759.1967669631188,437.6428617504767,Romania
2028,0.002628559173441641,Excluding Ukraine and IDRC,894.362785181144,572.808879968502,Romania
2029,0.0029642795867208206,Excluding Ukraine and IDRC,1034.9468318751713,713.3929266625291,Romania
2030,0.0033,Excluding Ukraine and IDRC,1213.085054038786,891.5311488261439,Romania
2031,0.0033,Excluding Ukraine and IDRC,1243.5304096955042,921.9765044828621,Romania
2032,0.0033,Excluding Ukraine and IDRC,1273.9757653522227,952.4218601395805,Romania
2033,0.0033,Excluding Ukraine and IDRC,1304.4211210089406,982.8672157962985,Romania
2034,0.0033,Excluding Ukraine and IDRC,1334.866476665659,1013.312571453017,Romania
2024,0.0016619350357103542,Excluding Ukraine and IDRC,59.26734608537355,2.9394885415692897,Estonia
2025,0.0019349458630919618,Excluding Ukraine and IDRC,70.94548788914284,14.617630345338576,Estonia
2026,0.0022079566904735694,Excluding Ukraine and IDRC,83.33533432162197,27.007476777817708,Estonia
2027,0.002480967517855177,Excluding Ukraine and IDRC,96.4638614394779,40.13600389567363,Estonia
2028,0.0027539783452367847,Excluding Ukraine and IDRC,110.33051503373925,54.00265748993498,Estonia
2029,0.0030269891726183926,Excluding Ukraine and IDRC,124.94407141666264,68.61621387285837,Estonia
2030,0.0033,Excluding Ukraine and IDRC,143.8364486376413,87.50859109383703,Estonia
2031,0.0033,Excluding Ukraine and IDRC,147.72328782489677,91.3954302810925,Estonia
2032,0.0033,Excluding Ukraine and IDRC,151.61012701215225,95.28226946834798,Estonia
2033,0.0033,Excluding Ukraine and IDRC,155.4969661994077,99.16910865560342,Estonia
2034,0.0033,Excluding Ukraine and IDRC,159.38380538666314,103.05594784285887,Estonia
2024,0.0019641224178088565,Excluding Ukraine and IDRC,74.31254885001181,0.809818294456278,Latvia
2025,0.0021867686815073804,Excluding Ukraine and IDRC,86.15147398331428,12.648743427758745,Latvia
2026,0.0024094149452059043,Excluding Ukraine and IDRC,97.47891326017574,23.976182704620214,Latvia
2027,0.0026320612089044283,Excluding Ukraine and IDRC,109.33253300960453,35.829802454049,Latvia
2028,0.002854707472602952,Excluding Ukraine and IDRC,121.70803085129492,48.20530029573939,Latvia
2029,0.003077353736301476,Excluding Ukraine and IDRC,134.7076244181803,61.20489386262477,Latvia
2030,0.0033,Excluding Ukraine and IDRC,151.66288589106583,78.1601553355103,Latvia
2031,0.0033,Excluding Ukraine and IDRC,155.31086846196652,81.80813790641099,Latvia
2032,0.0033,Excluding Ukraine and IDRC,158.95885103286722,85.45612047731169,Latvia
2033,0.0033,Excluding Ukraine and IDRC,162.60683360376788,89.10410304821235,Latvia
2034,0.0033,Excluding Ukraine and IDRC,166.25481617466858,92.75208561911305,Latvia
2024,0.0016657782614769526,Excluding Ukraine and IDRC,101.85447342897044,10.636864272269008,Lithuania
2025,0.0019381485512307939,Excluding Ukraine and IDRC,121.28590367337141,30.06829451666998,Lithuania
2026,0.002210518840984635,Excluding Ukraine and IDRC,141.5083035236201,50.29069436691867,Lithuania
2027,0.0024828891307384763,Excluding Ukraine and IDRC,162.65767941960726,71.44007026290583,Lithuania
2028,0.0027552594204923175,Excluding Ukraine and IDRC,184.6465610188492,93.42895186214778,Lithuania
2029,0.0030276297102461588,Excluding Ukraine and IDRC,207.5071902347845,116.28958107808307,Lithuania
2030,0.0033,Excluding Ukraine and IDRC,236.03060192505976,144.81299276835833,Lithuania
2031,0.0033,Excluding Ukraine and IDRC,241.00475679392335,149.78714763722192,Lithuania
2032,0.0033,Excluding Ukraine and IDRC,245.97891166278689,154.76130250608546,Lithuania
2033,0.0033,Excluding Ukraine and IDRC,250.95306653165048,159.73545737494905,Lithuania
2034,0.0033,Excluding Ukraine and IDRC,255.92722140051401,164.7096122438126,Lithuania
